id,size,core,SPEED,force,clones
8e81d2fa-6ca2-4d62-b39c-6ee65971d248,995,74.28904009544725,27.547751156076423,37.92440116861557,4
527708a0-7daa-45ce-9ef2-244d178cda88,907,13.98635588274234,50.90675871055438,28.44370427477747,0
65aa2930-d9bb-4058-b8b4-c518ecc251bf,445,11.620062472692284,72.69848874930665,68.63379883581896,4
800e62ea-77d4-47ef-8762-c903d71edb5c,723,65.48361829276116,25.24196009916232,17.879780468475115,7
ff7c7372-9d0b-4d08-b315-e46fcfee4882,971,33.919768894548085,7.548960968886343,41.235867766711806,0
c45238fb-caa7-4510-90cf-bf0938e13514,955,25.064510041608717,4.035253021880991,90.65162864720811,2
0eafadcf-7f61-4244-b464-7929d9358c9c,oxat,9.24123404570537,36.62815499111471,22.24851437782088,7
4e7d4d6d-35fe-4066-bf4c-883d20b205fb,475,74.70272055563564,78.92031648277941,98.41390552141247,1
961eea89-69e6-4b78-b10d-eae20e2aeabc,ciop,13.04662639647317,94.20438268817756,97.91658396280046,5
b221e595-7633-4ad6-a5ca-34943f510a4a,764,38.36229323982737,99.73739953595438,68.99697479709882,5
f65419ec-c558-4fbb-9c5f-80f4eeb43083,689,98.41827418205683,36.55602484370936,3.9680024156326543,5
aa92d253-5591-4f17-8952-d44f32e2f1ee,igRz,18.019486730658784,40.960045656063016,47.6225801934178,8
0375bc31-5cea-4dc2-96ae-306ab69b87bc,73,91.34357445788336,83.8255499919646,56.06290483908146,7
aaf54e55-a033-4e13-97e7-f03a4ddf8eb9,74,43.64549666973162,79.28790477201298,11.392378073202469,3
42175ed8-e592-4109-a472-0be506bcf3fb,321,10.460085094527097,67.25786503289196,82.72034708211379,0
b1714627-cc88-480e-87ad-c3216612533e,397,47.452244842560695,43.55420706608568,72.66754957303601,3
660b75fd-f90e-4d59-b557-1cca3a91fab9,164,10.021312392187976,14.022743914203517,97.73188118757152,10
6845431e-389b-42d7-bca6-528165ec7abe,677,73.05427211871094,0.2823642972240359,39.03427904984211,7
613d961e-02ec-4305-a7ff-17752018869f,76,60.93727255827653,87.77345496073302,0.1763411706840689,6
3a3db1a5-75c0-47cd-be56-74b5ab06c407,780,42.09627001847062,61.18032798427458,45.72953045726263,7
f6ecaf57-103b-464a-9b0a-d42eb3a4d40e,hsrb,1.0114489747054425,74.55103571693621,1.0901552792771274,5
5b1a633a-69e0-4b8b-97d2-a62e10d65b9d,666,70.627630364101,68.51627205965919,44.12509938656692,4
8e95e974-4e01-49c9-bba8-4116678dc586,237,40.72425068039891,45.95201837082929,60.48613872747129,4
df050c93-21d6-40c7-b334-1f60301eb708,192,54.23636759763523,11.492810502321992,57.6409656765185,0
c74bb00a-b545-4a16-b1e1-3e2fe66b093e,qiht,38.78217145721656,63.30822535553968,23.987709271302048,4
b4563ee6-45d7-432a-b2c8-8358cc504bac,ftkm,18.54612974296025,80.76837134605537,75.83279390967249,10
b4bea346-c98c-4c0d-b152-6bdba1225af6,musb,73.64726212808232,5.088475026200889,5.987540057326102,1
c2abfed1-1119-44c7-a472-957dda49f9a7,671,59.174291526831325,32.23419932032965,21.8839321345548,8
c8aba042-afec-461e-b541-465f8b301a69,136,28.259576698033094,35.65813122157198,93.3676423693121,9
c2e00b04-3ce3-4718-a2c0-e0deee9f63c1,910,26.696356806444665,74.70779424935745,17.397309578701414,9
af54a946-1e72-4ac4-b3c3-c2e37efc44e2,565,93.73715518577649,19.074728358719064,6.536723160600355,5
87bff91a-7356-484a-884c-719447b28d84,112,93.67807844690284,25.632036297641424,80.25427002661696,1
aa410cdf-b56b-45ce-ad3b-f3ec24f27ae1,994,63.90624389877064,70.338352575562,21.67788334016475,0
3d3de116-3f28-4711-b0dc-9997c29d8818,305,19.972232136110257,28.12751842174398,16.04336123726755,10
157c8d4f-5ea0-44a3-997e-ca0218822553,512,17.53412973440526,20.63849994729695,28.43885136105689,5
ff6adff9-e10f-4630-91f0-fccf67c65b5e,95,98.126986273329,55.44711492176868,31.934152168423445,1
e9cb7252-a13d-4ab3-b8e6-ee11ac9e6bf7,843,79.72942460213928,74.11342657037306,69.0182634048319,3
8f399011-85cf-4137-b199-0f0a289d4217,981,14.404923909342315,74.87675419921473,25.95308604656957,4
e3403ecb-b117-4e31-9594-96f053a18f0a,752,37.55458655833496,97.06258806722872,97.66042906128082,10
ef8d8826-9872-4b05-bcf0-93162842a458,363,96.0030502058057,39.4462462848323,2.7752022971925583,9
ef92bcfe-c812-4e22-869a-0b05db9c94df,axzd,49.35785369051328,73.75700383292548,62.56879489427691,4
8a386ea7-03e0-44b9-8005-df96b1d150e1,783,78.80368794587213,20.372372549734152,36.2034343470034,9
ccb526c5-c56f-4958-a8c5-1eb434d23919,454,82.94702864930544,48.20908790030345,50.45516292323944,0
23759ad4-ff04-4f34-9c9a-e19e10494a70,645,25.79787031839983,60.5784168053402,54.04387569905147,6
c7f83733-b649-419f-a753-2dc7529df0c5,90,69.87976530333083,66.57493856979146,8.754926261879648,9
6f7ed517-042d-4b97-a947-5810825f9959,825,85.62110480873669,75.60332120902056,68.93226683214776,4
8cfa2221-b756-4124-af90-a033d30e616e,648,49.10149290554718,69.77437821229269,4.750022944754473,0
5dfac60f-85d8-4b96-9d0a-e61bfe05390b,v,67.9759119290075,34.229764398422134,66.77981560270105,6
8d9819bc-c131-4b8d-9874-f8adfb0883a0,216,13.956904453861874,96.58664956354428,10.99411335167668,0
ed7767e3-55a7-4c0b-826b-b9b58ac04974,30,68.23808292361218,74.37407048617237,25.35569265419976,2
b0e5aca6-8b1e-4219-975b-fba66bf2a9f0,207,34.14348764406472,34.33669474170079,32.05988674741883,8
3f6dd1d1-4b7e-4d1d-8a6a-429444546a30,15,51.19197198946939,80.06854080466096,21.344099422276308,0
545e5eb1-47cf-4411-a7ad-4b7bf9daaf40,508,26.005391183491263,65.7118397220648,61.63060425308442,1
9f49501e-f246-407d-806b-1274623ba801,543,93.98636294068558,0.4264865073408064,4.4603298924397405,6
2d9dd3bc-121c-48ca-ae9b-53b9a9f6fad6,157,58.63893484875637,10.760857611477448,71.61608681848101,2
d8c222af-4e04-4e74-a3dc-761ef83f8e5d,922,47.65465420822665,24.19753775596395,69.83979680775882,0
b3c831bb-0782-46f7-a625-28b6230371b6,431,90.18450614389307,40.74177486258535,21.066285302676068,6
fa8406eb-17ce-48c5-a1f2-8eb903e6e30f,sktz,29.694443883301258,78.03063341514962,12.971556589098675,9
8b81a3e3-72d6-4ed6-a75f-c18d67c13809,546,42.87728834365559,91.64165118035352,71.1165946281701,8
5d68b6ef-989c-4197-b6fb-bca5caf37d51,kkli,64.73531254014584,93.94707127829916,53.48019428339408,7
aaf56d41-a883-4dc3-8d3a-fe3816419422,ksjl,68.44196389001696,28.03035865486641,32.70469376183871,4
7d5b7a36-84ad-4237-af8f-edcf7ef3bc18,550,86.42234098201041,6.324911211014383,81.83121323677356,0
440c7da0-2c1a-404f-bc99-f00a61acb0c9,241,7.629084272482123,44.186832924342745,12.364796594490048,7
9b668a6c-8b9f-44c7-8cc9-fbb141b6c5da,88,12.55688939540952,20.418502705688013,88.1958488305532,2
72e907fc-3e2d-4276-91a8-4b21d96346ea,527,19.55991786969405,71.58034666671178,65.74412026871221,6
83e6b71e-91ab-4c2b-8cee-8b1025d70c71,56,77.45497315993029,6.653693336167644,73.0457886476901,0
5310e8f8-4476-49d8-b0f3-9c93fe0da919,825,26.07436264331543,71.13931596333235,77.49503547153958,1
a312a492-0b49-44ee-81ce-86b842c72945,952,49.290454036020336,29.202664931882094,94.6349831752852,4
0ac7f0d4-512c-4402-b5a5-15b0704ff001,523,45.76685037126278,88.02604293273171,66.50176848525037,3
7eb471f7-8425-450f-932e-add4883ebd29,,55.8558087299503,52.50899151951837,21.245934580397176,9
9c822cb9-09bd-4ef7-a925-35b5eec78d16,hpwo,90.51857511142364,8.678712621182905,71.56952775742533,6
bc0bb827-7a61-4cf7-a6f1-8de3aaf134f3,360,5.79100092402377,70.28581423111099,78.04019537817443,8
ad0fe1b3-1150-4bc0-a53d-1ac90f19f8ee,206,64.53619129051988,56.19601878501873,25.25825311513781,7
53bfb6d5-7765-41d7-a445-54555b7d5578,65,13.305239686576044,88.9109967338338,18.00967042797208,6
812e7d90-49b0-498d-a2b4-862ada6175ce,309,67.30248612729096,91.3820705205343,57.016024727266526,3
d673c6c4-fcc2-480c-9717-89316a1344b7,bbtw,44.13715777917574,31.466495627965884,50.74378689078948,0
12135040-c363-46cc-9eec-b654fd1bb512,83,3.960692704125779,51.4103115479537,0.7561661700897226,4
0cbc38cd-c62a-49d2-a045-672bc7561315,tfiW,93.47051520699348,14.108323158445035,83.59679629399575,5
2d65dbed-3541-4738-a7a9-c9b91f62b223,362,22.116421655716454,92.15813545381567,68.2653896122346,1
5833d0ca-d0e1-4d9d-83bf-bb7b2a31b3d0,557,2.1824653343113787,83.76729857671388,4.298084827594895,10
e38e5dde-5b6a-4b4e-81f3-76e1590124a3,70,72.00152706847113,26.722595676625115,30.25103742747548,0
abcc5d0e-ee5e-457a-a7a7-463d2906d13c,249,28.411478643018818,53.09277614657363,94.66876981385418,1
d9d76b5f-da59-4538-a2d8-d7aa95646a76,269,19.389057664276777,30.380051810308505,50.015454279546645,8
0fe7f9a5-8ab0-4b3e-bd7e-086d3c52cdd7,958,63.34070866639559,76.90713786293858,84.31528916936318,2
55e226cc-0f7d-4d41-a0a1-6c34e23affbb,131,98.2851531267284,79.01462912462016,59.15279546968251,0
e93f214e-33d7-4392-aa16-35d38df90e97,607,62.99245958189724,54.6099909469304,21.737976432691163,10
cfe149fa-7d06-4427-94b7-fe8f3773c9b3,939,54.22478585215116,73.9371569528746,54.431026616629055,0
86ef6d67-4f77-4443-93ad-a4279e297e90,966,81.47131041398549,30.155952397746745,89.13465148156172,5
9f85e00b-2103-44de-a91b-d90f483417ff,24,16.107972054948092,23.76433591047348,61.55519603990947,7
b817b48b-7fcf-45f6-be84-b16c86891672,96,97.79320367231549,76.2174901288834,9.062679133478555,1
40fd9314-f062-42a7-a33b-fc8895b9d529,423,54.41682675892787,75.19487069777328,13.749916643562422,3
39e6ed3e-f785-4cf3-8013-3f18f30c1fa4,446,28.506583493171856,43.02068888035091,24.15681037103462,9
3fea7ea7-755c-4950-8d82-3f611068e379,48,16.033084380608976,39.364300975511455,15.137504994377249,8
c2a43734-384a-4bc0-8988-5e5bfc4eb908,594,76.18488451931384,10.272612837710238,18.570066869934,9
a5337096-32f8-4105-964d-90610cc22075,ypnj,56.42136026075203,80.69458230342602,33.32583796656501,3
8d15c238-995b-4bc5-b51a-3016541b5ec5,847,37.91826525393572,97.97492284945191,83.80963605213965,7
4a7dbe25-703a-4a28-b46e-68c537396cb7,55,60.94103797190829,18.077218804637106,45.42240265257209,3
371b1949-8f8a-478c-976d-21328d1bab8a,ceoS,11.40220533980476,25.62730824153675,86.60673157734676,2
be9e56a5-6a37-40b6-a2f7-34844cc3e9f9,531,8.46767990444215,85.74996593990082,50.00260168603262,0
ece7939b-9bda-4b3f-a993-27f8bd732929,Hokq,0.5714881366982838,64.04695026341234,98.227978182022,0
161158f0-ca2d-4f90-a29f-23abb4e164c5,844,93.26178307774371,79.21430486513869,98.03899956897354,4
099afa08-3414-41d0-97b8-51f7b2eef575,181,33.95284068588491,58.77049813804557,71.37261226986449,7
453b07d0-9c9f-4170-ae9a-cf6ace5c307f,737,22.632737921024805,29.400352990752165,26.46481463716598,8
16ef13e6-5ceb-4823-afec-84d265e962dd,578,4.856553155650123,12.40546179941937,90.37086471678704,9
6d548d86-6d36-4495-bdee-f06baf9f6255,344,12.337488646208284,7.389589000177954,22.87490487759368,6
c44e55c0-9f23-47da-ba67-c0d25da0f384,756,34.17231803736358,65.72343213585792,80.84911471405657,8
7de3d1c6-fff6-42a1-98e8-2b614db6abf3,880,79.95159652489224,31.725515147792592,18.56569000880548,6
bc49bcf4-ce3a-4c50-9dee-641c535d963c,282,10.510199946242617,62.96550312662141,21.29323693316809,5
80c3a2d4-756a-477f-b61d-380100934c1f,97,48.939951541664485,4.983600287613276,58.36599447606636,4
13bd8158-4951-4db8-a74d-78c486c36859,418,53.52319852174028,6.959071502255454,71.88123892392407,4
05d366a1-8430-4d70-b435-ea8523daab55,qvnc,72.31760159125669,43.40081791912126,47.54276733041581,6
2c4e6da9-a9ec-4dc2-9b6c-92f8d693fd93,975,11.54795442706572,61.96866536023246,20.14158691131877,7
ee2fa7c8-4b20-4804-8c19-7634f71bae63,87,36.65807305815323,63.40670545463627,86.45615982401152,6
9011d728-bff3-42c2-ad29-701a9e530406,pgwH,66.5787106102676,54.35729361916706,80.36254773652077,8
b9e6507e-2d17-4d6f-819d-3691258c32a8,612,43.42784346524062,20.278778261073583,35.671258844270945,1
84078296-59e1-4c11-a76d-ece8189606bf,132,31.10113019029913,38.42778865112192,32.14229381236754,7
cd00276a-74b8-4582-bd48-a3d6faed5527,598,7.832337652137444,2.662749747868709,47.86180449583915,2
c1952a4d-cad8-4b37-a69c-f248ac5993e5,745,41.69662368445776,54.70802270723291,33.97486411848374,4
9a618c27-48dc-4efa-87b3-8f59fc9b9a84,709,57.55774730678264,64.64352738106844,91.2982194215598,0
db7bb601-39bf-4ace-a906-954245306b9b,646,28.50910613467148,58.25948590954961,48.18706666766328,4
a7b73635-5753-497a-9329-f8c779fbd6bf,xxGy,29.712204741380933,17.30045028733277,58.19145835955304,0
abe4ecc3-ec7f-4f73-bbfe-a6a46070c303,321,62.181764069062126,80.1692746906772,7.786567087541895,2
c55d5b75-5c23-4632-ac11-b7fdcc6d651f,959,68.01023275160233,19.18242016516346,86.1887708158387,4
062d4eff-bd0c-4af9-b49c-460711377bfe,586,14.909899959786976,27.28029525048949,4.224117140949424,6
22d782e4-43fe-4629-9002-0462cf93edab,hkcY,55.40845763475883,0.0222618009047659,61.22130028279243,0
3391692e-1ee8-49a8-a6fd-4f6bcbe64ff1,cehF,49.13739287282115,79.45692885172242,99.04310842599833,0
c55fce40-d879-4334-9254-27056b7bafee,adhs,26.674441124433518,36.83228343371504,30.35637643217165,1
d677560c-779b-4e72-8b35-90fe26969ec6,w,64.16173772863148,90.84733034779676,25.968424746231435,6
a72640fd-381d-4ed3-9b1a-b3202d6b1f67,456,94.89490857999444,47.486294727596565,50.91067077003528,10
89ec2e25-c076-4d13-8313-27a47e4341ea,170,60.01375086598988,16.520152350470752,50.72360009477509,1
b7fc3f94-a1bf-471c-9df9-0f4daa10554d,smvy,98.57750032851706,76.18912067382357,8.593803327909121,2
0accac0e-6716-4776-b1f8-f82a8c30bada,gxrf,77.98878073605545,86.34663119671751,58.49199237272465,1
68a12f7a-e075-4347-aea0-ab984ed6326f,hqyq,10.281478142747137,75.05960936183511,52.97276156912074,4
ea1d98ac-ef00-4acc-b1dd-962c36b4de40,8,88.85082943357435,74.48902158314715,89.78437879695873,10
4af47fe7-27af-444c-84a7-1c9222137440,451,66.81687870318423,87.1622885564545,0.1943984636847306,10
75101352-c047-40d2-a9c8-f107a6f7dc45,740,15.544160020816044,59.05636204653858,24.00555605372512,5
6a66ed19-ecbe-4249-9049-889171bcb4ea,442,86.73377629690336,49.28327131930435,58.58246363940695,8
d95d4638-b7f8-4982-8ad6-8f7bdb4ef008,33,18.73242771083401,26.72221481404583,1.942218922405159,7
d480ff61-f272-4a35-a464-35816ccd2193,73,52.23421377348926,75.63558387095267,73.02540170913034,5
6055ed8a-0a6c-4a23-8de4-86691e229eb4,772,70.44409684857595,86.33786694149343,64.70327645285072,8
c4597c51-1e46-4ac6-bb8b-d6df9cff8750,462,31.807251321715025,29.42387196223661,56.912953924895234,3
1562ce1b-5c92-4c04-a41c-f8ad4037c8ae,ezup,79.37318023448472,23.70921882928163,40.54443136603827,10
d786defc-9b2f-4a68-a173-20f47be63b3a,yryx,20.020650200783894,63.7688198503601,21.985020200525163,10
73d8e6e7-edfc-45d6-ba62-992d0e486cdb,963,2.410254536264611,90.82468339103616,67.16028061994861,6
e6bfbba2-59a2-43dc-ac93-608a58fa32c1,842,90.62010122177932,71.13775567204681,94.56872859074554,10
32709497-79a4-404d-9344-487f79b79b56,504,45.320278110651145,96.1722775645866,10.134442357138806,3
12adfae7-77ba-455d-bf15-b136891c371a,776,48.77629237310636,76.77695123155767,14.628072793490343,3
d95e9e31-c937-4c56-97e7-da63ebea65eb,211,42.320509659429575,53.9795607192972,3.9368369381946433,2
53da3c2b-8526-4281-b9df-8ce91de7705e,TNaf,40.6569071318197,22.402628023547223,10.953332842337185,7
8b74634d-d007-4aa9-8259-61080fd40f36,uyce,1.499379067423945,52.8529573644329,72.85304314870655,5
555363ae-b190-476b-80ff-a2e3534e7b10,935,2.750882119149656,51.21083727995366,22.136745986183115,6
8ee6b37c-e4be-4fb8-a119-e85f509df4ec,qhUd,51.804920635458686,2.2319648868357134,44.624748698438985,9
22858711-39c5-406d-9392-321a9ff09492,tctC,73.5683600271547,55.68209227293735,25.60300400358624,2
65c8c329-09d8-4351-9cc1-3b3e158b3d09,879,93.800228493226,68.19273560317033,62.06543894887863,3
8cb4667a-6d97-4c15-98b7-34a78fd598a9,895,52.523875763147664,46.19990487694303,72.77767738015233,7
2c04437d-a665-43e0-bc37-d5d39af44e0f,992,44.091292129349455,2.083987889753613,97.08272770664922,8
88d247f5-03bd-43b4-b919-cf13613ddb88,866,31.297994822341536,82.49305064792965,42.5086856651657,7
f5322eba-72db-4ea9-ada8-7223e400f432,tmzz,77.8757239169819,40.17432559475442,88.96262578384923,10
3b5be2b5-a855-4d41-a704-73787fe58c3f,420,69.68108935530006,57.90452269009923,88.81819520204158,6
704d616c-56c2-4ba4-a597-db1d618a25f5,524,2.524390408219779,34.84337610505522,60.73012032128668,10
2a14d12d-2b9a-42ee-809f-6db904b43cdf,295,79.29869040586122,76.65724445131232,97.62559264528144,10
9619355d-d27a-417e-a519-ac35d70be317,237,63.15323385789184,18.30587501139851,96.43003057374392,2
114ad174-220d-41ee-b4eb-7a89a4a43f05,zxad,29.037813022372163,52.993015804068186,6.743985635835347,0
cb7f6634-2313-42f1-ad40-94d671ef75b7,790,81.558266933407,55.26594828211593,43.53198782176376,2
21ab7ba2-74bc-4b9b-9aec-fb642dd59477,63,4.909352545326517,6.720757114969223,82.56572426741228,8
c3c97f16-d76d-4c82-8fe7-b06696d3c86f,Jssq,4.837026072455741,33.31871893623217,64.85918052436118,3
425a98b6-fb49-45c4-804e-f7a9c598df32,505,28.343423707690903,2.8054199966758286,28.845729148367173,7
aa680a39-a806-4b8e-a86f-c20913523141,530,50.981763794643285,76.01920929416629,89.58199962981577,1
b2531cf1-4a15-4374-9055-22f05d23aec2,741,19.439917425651554,54.90737110906812,60.33727944647806,0
7e85e4fa-c7a3-4473-ae3d-ef59b6ddba91,sfyV,87.13443650065015,82.02024178935832,37.50715829310028,0
571e9a41-5b7d-4e36-ab68-21d1716f70a0,691,62.40763332969584,97.66916900592108,51.685962305736446,4
c1ed5d40-ba93-44c0-a3b8-4937ec2d69f5,749,56.36260978348805,49.370430750757166,73.1032510414464,7
6d1a7901-868a-4000-ac7f-0fcfa24e7a9b,131,84.72632544935632,23.640136306749703,64.8691515088058,9
34d7069b-31e0-469e-bb9d-e5b40f2c68dc,737,25.1859900383413,93.05593535650324,83.3723231185099,4
9e36f51a-06fd-40c1-9b12-cc01035e3ad1,769,53.53902531510583,45.00707230400707,83.73516787934135,2
4bd3e1f8-6225-4497-9f7a-faed7c9db721,383,61.05661622332638,27.70861717405031,16.591030080126746,8
54ad9401-b7c7-4c74-b6df-f20697844129,295,60.1094953386646,42.84820928642484,28.39038377632665,9
40b9cdc7-6cc3-41fd-8617-bc16ac2a107b,821,89.37544127346436,50.15729126427409,66.77615126685471,8
91cb76bc-6151-4057-bb85-9776479d64a1,687,34.48144662408795,9.252308816387876,71.92019699937131,2
359beb0e-8da4-45a9-9049-55f9230b33d8,27,71.24419928749073,37.02144656704907,67.08461061085151,0
5fe80ee1-68ee-45ac-a562-2988d2fc4ae8,775,36.31146673307693,64.01273183710889,63.154896942911954,2
d08ebf82-6817-4b00-b569-55b012eec359,347,77.40641227628599,83.86600863876475,20.676344521687497,2
e1477ade-cc32-4115-a859-ec6931c5cb97,929,64.86992907675773,1.2633432061680103,5.584924990500273,6
05724875-f792-4cec-9950-419203909b63,Uncz,77.23113173248808,81.06493155799824,8.759415195039677,6
bc59913b-1050-404b-99e6-c7c85311367b,320,90.476128885949,75.44757771088517,1.3893259209793452,7
a859648d-a910-466d-8cd9-83120e007ac0,794,66.60566383100848,50.1185096217572,84.31664139958713,6
47e0b452-6066-4af7-a132-080bd83ef484,227,2.565406287279204,92.78261658817,33.6040609574958,6
86678e9e-ef5c-4247-8dd9-350fcb46430e,22,35.48848962303909,20.8854500376974,95.22413576161924,6
2d508a06-fcf5-473a-82ce-8d729996635d,216,33.63524666501693,20.92868440456883,77.2757787605876,4
4f7aedee-58a5-4a9c-a8e9-f396fbe338b1,50,64.59416579797545,58.47017113202531,37.11378813950213,10
03b810e9-15d0-4b2c-945f-f5e70c8f0acf,59,54.37516630896824,31.33759260796701,6.690863451518137,0
5d73dedf-6990-46b2-87b4-d36dd14b92dd,407,56.83815772878772,55.15782759978693,70.69015055135777,10
376cb6a5-38fc-4f43-bb61-4680bfc7ea37,109,17.972901870125348,6.511942641275603,23.931827134010742,9
520348d9-ac50-4966-805d-c351897ed796,519,75.89301099461467,57.8816457989541,68.69334542558624,5
d95f89e8-e8dc-4d57-94f5-37ae2775084e,631,72.88162216844793,66.79398527365302,2.7267515820097787,9
23926f26-27a8-4f4e-bc3a-e4fdbf62d95f,ygih,74.48154543528169,74.78387942532603,39.518070993527886,10
721e0710-85d5-41a2-8a68-8ee8875ebcb2,970,19.743754281561653,58.77122858885721,13.82849658652303,9
e3ed6d1e-54bb-45e2-aef7-8ab3c525108c,679,94.74370054568064,12.8546807276121,33.71985041276909,3
151bb1f0-c7e0-4bb4-9bb6-de426128c175,959,29.673138694083324,14.242581318033707,65.23379120787945,2
fd4c6377-812d-42d4-8259-e36bad352f8b,532,60.36899407954015,70.64916016875141,3.628251752845313,5
7cc1e912-1fb7-46d3-961b-b02441b7af8a,668,99.7326393287846,43.59915028535944,12.785104390709568,5
c6307245-a2f6-46fb-9c7b-7716df3a560c,156,55.965994781799125,38.10288682959919,82.57166398113579,2
67ee8d3b-1a31-4696-9017-ac9c6c0f07a0,jbaj,63.09058404666812,67.9344401328316,77.52886363298242,3
49061a09-06ca-4e1b-9bea-772c758ce9d5,615,6.4009573098733,76.56302226305772,34.77048593031349,4
d45b01ca-aa45-46ad-8f66-b63f80cb1288,940,34.763501022466734,91.62401035655051,45.56178669399698,0
389660c6-7aab-401d-be70-8079e7aa693e,130,87.76107622531524,71.52546463158275,83.69634614382139,7
72565f55-047d-4dd3-b236-8d1c47379d7d,474,0.7846235717631322,57.36983107224617,39.18041045929223,3
6955c258-11f0-47c6-839f-1e027290bcc0,942,53.3006503677762,94.1501242059994,4.162037836990217,8
6fb7bc51-dc0c-4315-9404-4f767b9dc951,51,51.46169694652767,82.49654629706622,95.17675057547132,10
92d8af46-1466-4e17-b71d-83642007c9cc,753,33.325064608274104,55.86159469303309,27.381085862959665,2
c6dbfa1f-8e66-4c5a-926e-5fcebfcd105d,346,23.11395387116677,61.74958973658175,68.27210839323911,1
a1f0095b-bd78-468f-bd96-ed7059093aa9,587,55.24216095921057,12.064331545284167,75.63462105900646,3
df72fc8d-67d0-49b5-8508-99265aec4b69,peqd,7.650610918264034,22.327038542788426,87.8247046996553,9
279f720f-2d5c-455a-9fda-de3b20353354,218,21.262757431144696,86.43806066342204,38.97380367583341,2
1cd81b32-6645-4a68-be54-799276a47c94,919,2.039171124129102,47.29861915989707,91.54991311015452,6
1e9728e4-c50f-4abf-a34c-b55c4f525f11,343,0.3273281660974736,26.01298972891255,3.1807317137885094,7
17b71965-1526-4fbf-a2fb-1d65d8349b57,684,37.60328930908727,99.61401254069102,36.32785278336513,10
8ddcaad2-6495-4042-a0f0-9d40f7f84400,437,70.23330506014656,61.71538796641392,54.02911149275697,0
8711fb15-dc51-4de8-86b0-6f3c58009e00,325,93.67377353811212,17.297423124988843,75.13107155428685,0
34bef6f1-9262-4e36-a409-9e5ce1bfe040,585,33.4348694764962,78.14526397445063,38.39520244959071,3
4a6dd14b-8668-4b95-82a6-049475d9c78c,32,59.96075315629336,53.967436551985045,98.94187895500808,7
d562787d-b0a1-4fc4-b8de-b3327eadd1cf,cPbg,27.54033232194757,59.26103897449028,79.74910389310766,3
6c068a1a-2839-4586-93ab-1f9dc1ea8d1b,893,60.84970257314952,18.647405141526495,21.72806684061267,4
8c83b506-eba5-42a8-8fe1-e608d8e1d196,629,96.88019640828462,39.54319522912725,56.079211840497535,8
32353e6f-15fc-4a35-8ae9-b0013b212888,njag,25.562947153005688,86.7873147938237,54.65776895749571,3
191a8ab8-b4aa-453e-89e5-d699f2d4a6fa,909,53.23169534916126,8.484159739076002,55.10394349749254,1
95d9ec4f-b877-4238-8e9d-135c03f06bdf,985,95.36549440693724,70.0364136326922,94.16648937275156,5
7b297abc-d060-4096-92b8-38ac626545d2,791,19.35919991506028,27.15633682696622,57.04103917511346,6
d471b20d-6330-4239-899c-ff277624c362,863,20.97188570998164,30.24856100980271,5.989905317333644,2
2a6508dd-6fb1-44f6-b1f3-49b70c623fe9,174,18.022722906767907,16.69093110652018,66.29379368529167,5
a1e1b561-b977-44f6-91a9-f3555992ad52,589,34.66161209167249,84.67403145919894,35.32371125865252,1
1c6c40ce-d3ca-4b8c-98af-4a8dab2357ed,728,55.24597983521799,56.52368015659916,89.59031887876455,6
071d0ecf-42c0-4b73-81a0-3b9c8a662c60,94,44.91155741358569,57.63502915795485,85.22124056196012,3
94327c22-8953-4512-bf99-98ebeb991344,709,47.52009076461068,2.8927553727516764,38.19270247744924,6
4704ca5e-f483-4c0e-80e3-98cc9f4fccf6,205,73.3549701876564,83.08584254884552,93.21407718198265,10
48bc4230-3833-4e7c-8310-ce299dcbde00,372,27.522958617103345,30.246168165206832,40.82946231094496,3
51fd08a9-4224-41b9-8839-f0e85189bbf6,367,28.636722268359996,21.058854222373736,15.730317582114372,5
80516023-79a8-42c9-aa8c-e5c683d7f851,22,8.085339033459181,74.51756712358043,40.39716187425349,1
2a6e7b86-e076-4f18-a8e7-9e57cc407d9a,241,14.23525257785928,85.46596930206685,80.1229071973658,3
2c43d12d-bf8b-4432-9760-49e20fd72122,a,14.817685207273056,36.04159896064878,8.299188487343056,10
d89edd59-85d6-4415-8919-d5830b5edca0,149,22.28868415368036,84.42821823991336,77.945269795462,2
b0015fa3-c96f-4b57-8662-ab7cb4e69d9e,210,54.95373143737643,19.11626276218136,8.49159958159641,4
09974c9d-9529-4cc9-a77e-3789d0904f65,426,84.35583032584822,54.15479776610833,35.97335570302281,6
6d5f78f3-64a4-4b87-8c22-8be1bb909c4b,278,78.22096905463536,57.92613924932327,18.61922172688114,0
1c5f4806-8168-46e6-aec3-b01c770ae271,774,51.0711370249749,44.60001809443799,31.650818473488187,6
ea7cd509-9f01-406c-998b-4849aa93fab5,788,47.27955928348217,29.630939334296315,30.607997236657503,1
b28d5b77-7b24-40b9-ac4d-2505dee8819f,354,87.9641280692772,90.86800002032392,44.19416837808965,10
c2381ff3-c6c4-4bb1-b179-8013e72fe9ab,881,74.74619899048837,52.73543934349798,26.94191236654377,1
f0e9ab34-9f32-4c2c-96ba-c912e80ac992,lozb,63.59935489843045,1.2508180335021213,85.31096090303897,1
a40ad941-91a7-4a83-9072-f323db070567,peqi,31.614064132923048,83.97771960820978,69.02047750872838,8
33376834-6f69-48f0-a3a4-74823cafcf37,202,81.82754294204669,4.126485447719053,53.6990576607989,3
cef6ac43-d25d-4e39-9a5c-3090396d850d,615,93.52961623925624,76.07106073371548,2.054353627208505,3
46f9902f-924e-46f2-a8e0-6f90fd018deb,555,83.65312071058086,0.0515715292654483,19.54862327432989,10
22b5c777-17e1-422a-a113-72cfda13ef0b,113,1.2689849430111757,30.64380900728064,82.84940824951546,4
42624761-7e3c-40ec-a9b4-00aca719f7d1,589,31.759021460107306,75.70686661090394,80.92523708057982,9
e9d588cc-ef17-4918-aeec-b0f1565de008,407,70.13081093727654,56.9885422962016,62.25861573805672,10
5e6289f7-4ae8-4ef4-b528-050767592da9,781,48.000381737842645,76.66857936995947,14.828002459122724,9
c2bc78a7-ca46-4417-a89f-f184d657ac5f,610,37.77747615461513,52.97268088302943,36.33907022054319,6
87173ddf-6ccf-4e3b-888c-e8825418dd2a,386,20.2183954025532,3.999254980422284,88.30563218306665,4
24ff664a-dfce-49cc-85fe-a969c41ba949,543,22.299475200067487,40.99529264624388,3.5615045696495984,1
2e568045-d39f-4b91-bd16-870152e14667,617,78.17539684798523,26.60737425818941,11.961959822556112,3
4784d011-5ae6-4d20-96d8-16b3b075cd5c,140,28.48204799086068,23.58993867730974,4.6940835249125845,3
d85d4d15-35bd-43f9-8b78-301c2027fc49,421,6.180127598757467,11.40609072938934,26.447986922976085,8
153abfff-a91e-4f2f-860d-2b237696dec0,327,9.45758148494681,86.03802182058445,15.220865818239238,5
9ec047c0-62ae-4fe4-b599-37bac5c63633,575,92.34740104006455,64.80227144053985,62.10399559158488,0
e8892f86-948f-47b5-9a91-363d11987b13,266,39.714289833690586,88.63538565884032,85.43674389600629,4
be585da3-8918-4bbb-b401-a6f47790c857,214,19.08570844075839,46.39228388654794,33.27766852082632,0
cc3c6a6b-1560-4446-a332-86c097acb468,875,62.44816054643139,33.953887820771335,87.19575078454392,5
54442141-a8a5-4d56-8495-41a6b56eb416,961,92.41343847710974,52.43579663414201,32.812887864020254,8
94212024-f597-4b8a-a49f-ff14f711c56d,940,68.6410465035648,67.2948839681197,44.51041878040147,5
a45c9510-f831-495f-9de7-0bf024c41566,1,83.51877769850208,84.1191690509953,72.49361781753663,3
08626c39-2087-4721-844b-1c73b05c89d4,zwty,44.87490648253184,83.3498731250082,30.003642950831487,4
0de0694a-cfa4-4acf-bf5c-88006337fa4b,83,64.3333562291732,55.27423724145254,74.24518922757487,9
5dd48281-557f-4104-934d-f3dee80b03d1,22,9.181370464544935,27.639748584018164,61.010222779581525,2
e3e65378-e7b7-4360-a7ce-6146fcc2f666,366,84.08625855137258,17.533775721381495,99.96701340415098,2
8825d901-0186-486d-aa06-d0fdfd6b5bce,okds,17.788681700815133,71.8299682398284,69.63498869203355,0
c512c5fa-1ffd-4427-acfc-0c7f89291627,497,31.976238464848823,7.724845683079584,11.50424281066309,6
ef12df28-b859-4dfe-8402-6f207539f749,891,85.08618022163317,24.96366906853915,18.861325209841997,0
2a6973f3-e02d-4430-8e59-9558de794891,940,91.10786991136024,35.426263223302435,1.924437942634216,4
0a39016f-66ce-4f3f-91af-e69c2600c99a,519,81.71439081977587,32.855838295159046,7.342721244035466,5
6b7353ed-8b84-4513-a85b-e9479d2dc704,94,49.51123435287087,19.53462614558842,8.808361276987675,8
34746c7b-7fa0-4ff9-9c4d-8885955fa7ba,410,88.70474358091856,39.54404080057191,26.786395298338515,10
ee8c43b2-3e2f-4e34-8244-891a0af01127,72,46.50112203141712,65.55161909249718,2.531204626496608,3
c6312f77-22d5-4dab-89c4-029b6d03b504,748,77.64199737649676,63.738645579178495,88.06531455025825,10
03274245-6b7a-4f00-8685-b2b3cc95e8c7,19,71.51445166218022,38.66818843282835,47.58674477902286,5
8531b321-35e3-40fd-a7c3-cc27eee4f269,507,5.057700483263194,9.936160926615957,77.0198019903361,0
fbe72c02-e65e-416b-affc-78705e220237,703,45.83353991466807,61.503028224145,78.4332708557068,3
a32bfac8-ecbb-4c71-9b62-61a7e55839e4,873,7.529959701304023,58.3932875281802,13.388688783388968,9
b6f89331-eb8d-4436-adcb-510b1f18cc7c,jPap,2.5000169123541194,92.93033943155628,70.42803988422189,8
44c5bb45-257d-4926-9a33-8928bc01e029,rarz,60.16895269964769,18.328125076642408,22.04847851379224,5
890e8d7a-4aef-4baf-8085-272e23bc3bf6,551,70.69633010264945,86.21821471164954,97.92599671835504,4
a94f96be-5dc9-43e3-b8bd-cb1f4e3eb54e,477,24.91107103257899,42.68134249438288,26.13075971052249,8
2d5279fd-b78a-4047-b092-e5ff35fe2553,853,55.52896991856624,75.64751885711384,66.1630588007731,6
b4b7c336-84a0-4784-a411-99e0300dd8f7,656,61.745556817386216,65.34797610724745,90.34483041880677,0
8c976918-d90f-4595-9457-5a0b1e2902a1,gtfz,5.692962074731833,89.57805539108453,48.73890030557685,6
e35f8f4c-a518-4030-9e4d-d73fadbfdb3c,764,78.65243250356806,6.512716488394387,30.70024010717917,9
8c6082d8-b0a4-4bc9-b45d-679c11033976,989,80.09735263212117,72.58248126012057,74.01465314413129,1
78e1f422-f71a-4ae3-b6b7-ec41be87d1da,73,33.014180161578984,15.281816620753652,87.33825955133312,0
517fd1aa-4728-45a7-bfb1-9cc855d0fb8c,74,32.2341390424698,71.12574408144195,18.36322356302481,6
f717bd56-fd99-4a9b-8cf4-2eec7978bc14,588,25.99617849676614,5.435170565074488,69.11242824636523,9
dda80f26-bf21-46a2-91ae-e0d2ee101418,molw,21.425258348573205,49.86671641513213,15.146321889908643,2
85f53957-a065-4b2d-b018-b8ca05ba427d,136,58.11605783610167,48.22185363126476,1.8259919958459323,2
9be2d980-5f73-4690-8976-5b3445fcf4c3,448,70.65015156933455,25.70279772950089,83.18486842944847,8
f1254366-2701-42cc-a3e1-0031733fbf65,854,44.26643322041972,5.823255610183287,35.24693856028228,10
7b3a32c3-9d0e-41fd-9b75-40ae00653736,486,77.19143092185004,15.632288952683048,4.599122006603529,4
fcd0260d-9424-470b-a5cd-10de90e8fdc8,238,19.77427060028637,85.34323688729265,19.330167515817354,5
67f778de-5cb3-47bf-a65e-3873b52da4c6,816,48.72208046176666,29.137352374550453,36.441078748001246,10
bab2e7ed-6e06-4f0e-a373-06e2a9aa3137,hfmy,96.5396575845583,0.2377864699515064,60.145033595286826,5
1b9d1b72-3a54-48f3-97aa-529844745add,218,21.38490481586348,39.68424648976615,90.9602791235215,1
c6db9707-81af-4d2a-9376-5696f16750c4,rbkw,69.98924500617683,73.4927301730678,3.484538317209706,2
6cfa120e-d92e-4a5f-81a4-0a25989ecaa0,832,84.47019454653402,15.86314597183679,40.08196649801072,9
41b8029a-82a2-4e2a-8025-daa05f0f50a2,313,74.82741438203023,76.42572890605395,49.99663523689557,7
3db11c67-4177-4267-8e7c-b8b9c7e3bebc,176,10.51295302687466,31.71838402532196,82.68100109332657,10
ca2ba3f4-d9a7-4674-addc-a61cdd44c9d8,824,11.135218068518284,54.8077535101453,21.83687335316066,3
06220eb8-b83e-49d6-a8b4-554047595a07,394,11.31626766275483,7.142453184219299,78.12259001394226,8
dcc21a36-722d-4dd7-a406-dc4ec808516f,784,99.34386465766326,71.65848203494728,82.82453715253962,0
2e0839e0-ddf6-4c09-89e6-1809e769d31d,490,99.38098551970856,18.96982506044044,39.71300125456789,9
4c9c4407-7f1c-4d6a-ac6b-f110217b165f,mfjn,90.1630494050316,0.712146180046358,70.96239004063631,4
618877e5-ed09-4c39-970a-99a657ac80f9,800,2.107402533471603,10.862208452657107,98.886119465458,10
7335041e-6f97-48ad-9e35-4c09db62e109,437,5.022209877649953,26.242782144014964,38.86658845283636,9
5603a657-8145-4995-a5cb-cda87411880f,866,26.948822339107124,57.9611788242536,38.45367974074819,3
eb7a43a1-b3b8-4f17-8b6e-680d9ddad1f8,625,91.35164503365723,85.98063898461872,58.96580568434533,1
b0fad8e8-2eb7-4969-8083-8c167b7a5a61,189,58.82024987447768,12.20087216647543,92.67924698395358,10
97df21fb-669a-43ec-83f4-e6424de95226,mlkg,98.59225384850264,79.61227613556456,96.2250354785276,8
6a5d8673-a022-4090-b38a-8594d83c723d,vyVk,73.73153437088355,78.39187320074093,64.61966757432312,3
6b251e1f-0a1c-4f50-93f3-e2abcb628463,gssz,73.77928423544866,76.18572303783743,2.648436900134432,7
ec35cca8-114d-43ff-857d-fa2869192f0b,847,1.8209412316899096,35.884313395218385,50.5670353160757,10
b1450b5f-a547-486a-b6a4-869f34fd0bf9,712,75.45485301037466,83.73204507343411,40.5226389471901,2
32a4ebfb-a63b-4e11-8590-4cb1a0befbb4,266,26.106436364387843,85.3010374473557,79.30097009486728,8
3827a18d-e5fa-4e3c-9398-5b1d72c89061,27,13.07190942362374,67.87575409258551,98.36898845868843,2
feb43c6f-70ed-40b6-8f2d-266978e2f903,225,57.254477365855074,88.87573220176093,54.29319715776777,9
92d0bf4a-6408-4beb-b30e-5c791f61bf93,501,88.06572023050548,99.4040699755894,28.460371800191496,0
beeb0c68-7360-4062-a4ac-4c39ed326f30,491,51.55767468646635,56.44078878046691,19.533886503016607,6
a03497dd-64fa-4cc7-9e5e-8f9da050fa0c,533,40.014352042293375,53.47040729423096,30.850676815699675,1
502670d5-be76-4f32-8646-4c13e4eef25b,95,3.758586344491366,67.68265629505945,39.844167826184815,3
a2088ea6-e196-4142-8b0e-d47534543af0,886,2.4450755499536347,34.558664445407004,68.33330807186289,1
77d8a664-9a32-4f8f-9ae9-a0253b1d2c11,832,58.0708990512537,76.6467338472091,70.26517446578514,9
cd84433e-c07b-4664-80b4-a5ae1a0e76f2,140,18.742913770522595,49.56363004881664,66.42674806354609,1
81d1c65e-0981-4323-bca1-21fb3b7fbb00,pxnx,30.405488423574567,59.09343626325583,71.75459551543398,9
0492aa36-57ac-4cbb-92f0-2fe378f989de,475,28.557635758322952,51.382374470165445,22.460918499675675,6
dd2e056f-63b5-424a-9e29-2569ae1bd75c,993,7.0743940000691286,82.48259151786237,91.36437708705786,7
34ff718b-48b2-4c40-88d7-3248818c0621,795,48.91291960932384,63.10887571259527,11.875572071741225,5
c7d5ebdc-554d-4639-a498-f4b6598f64e5,672,76.46074430386952,45.57685362866793,26.079479927272956,8
434ade91-1b6d-4ae2-928f-5bfae52ea1d0,197,33.697402836255975,54.627982633913575,42.85590157752382,4
4472565e-17c6-44ed-aa62-f36f3aba74bc,261,76.98383840143397,58.61286378222695,92.1673290675991,6
29189184-a4ab-4b1d-a898-a33ce6148e6a,988,94.7282133351482,4.259529026191911,77.75032952699999,6
d088683a-2041-4bca-ad94-76a397c5839e,383,21.763487244847013,35.34257797460212,56.69323226765572,3
9749bf43-aab5-46a5-9a65-97182d4b5a17,887,28.94500053163737,92.59428233123803,56.39368058209763,4
97fb02d5-c68c-41ae-84ca-c6f6c9aa021f,kbba,93.38784589686628,88.98478980660013,17.2107483675772,5
ef0d8fb9-e6d6-4b2b-9d2f-b1b27705e2ec,ruwC,88.79936586741455,38.56223576352973,17.146112559202507,6
d798fe98-e5a2-4123-a217-0a80e16ab22a,632,3.3974016054864165,87.71365124444822,69.89527018130008,0
5ba484ae-7491-4cac-ac8e-8c1a8755b055,sfik,21.367798659267123,2.7165307385166093,11.17119453444153,5
d674cce7-830e-4e32-92c9-2efd82575f73,vNzw,32.07742533615705,87.98466501888073,79.11525691502807,5
6bfc6476-8744-4279-88be-d13bbea05f4c,654,13.496442595964798,62.86946701228775,89.24474320525654,6
6892c786-4fd4-4cfd-87bc-c879f1fadb35,852,49.739460165980695,43.32231195879136,98.6737962259806,5
8b2c26c1-082c-4be4-8945-1f357a54fcfc,563,43.98727603214939,85.3091134544497,21.863360462005986,0
848f3dd4-e4a0-413f-b6c0-d52402d61b6c,lgVd,32.560601703284455,9.937542214117078,0.4503870802004206,1
0d6d490e-3c00-4143-8ed6-f94cdf89ee3a,837,46.73175452363887,84.45661277222717,8.138857196635364,10
7d98de09-e2e3-4fbf-a4e4-cbc242d5a819,182,33.32770036458355,67.19392469174251,37.01040248336636,7
a7be3c5d-c359-404d-b221-22b1a395374a,581,36.58192389734685,96.3363406528061,64.7560216532687,5
246172cf-29e4-41f7-8071-af3420e9f779,ieby,96.41121497259144,91.3971791055968,75.99422290732551,10
42d9adfe-a599-49b1-9595-b354d4a39587,601,39.82182168616735,6.018378204144015,84.96924184415336,2
1cc97150-d4e4-45d4-851b-822de0f4d642,ujho,11.781429704691329,72.5753030518493,8.947455989490848,5
2b0823d0-6c1f-4e0d-85f3-4b5b4a5d6a8a,290,69.83218761165831,17.6001266503782,44.095742601512256,8
c4af8b8b-91c0-49b6-a2c4-25ad54bfe2cb,872,12.267888241227164,81.82725656594177,66.39281692475285,7
71fdba9c-8d8f-4c77-aa0a-d8b1f9bbe9c0,358,0.3356827638093529,79.6299579945434,47.39442893389661,0
f85d9f41-fd96-4a3b-a26a-3f397dd3d885,ajst,50.41649277486373,53.89690645057419,92.65583387333588,4
694007b6-9d8b-4070-b363-1abaa497a69d,124,69.3145885262601,17.222173461592373,38.59513625960126,8
cd78bc91-ac3f-4b9b-a050-02c66add940b,798,5.320687385472322,93.38736991884994,1.8662123615713957,4
a311c076-51a7-485f-b02f-c88f641a3f14,303,14.1409857609907,45.11975005739474,18.60428482243488,4
69ec560a-8938-4d8e-a246-05429be542ad,220,99.71670129493732,31.551678004037733,43.47338696852017,4
65f0770a-755c-48a4-a51a-70ec84bc1e45,698,89.13051561373669,5.178746751506091,77.58256441269069,7
e8ba56dc-7324-4b74-a3df-a9ac3558fb1d,306,56.883287132910624,35.21863182035527,71.79261769370291,1
f264611c-2379-4afd-bd4e-1e003f480065,451,14.833428670783688,65.15271974930789,58.56523971897338,3
6527217b-81e7-4ce7-8227-92f7bc6f47ff,298,87.48198377752526,64.91698394162079,25.26007172889068,5
80885d42-cb65-474b-a719-6b68f645db29,788,70.75327777493446,88.68902884045903,32.081208489827,5
79ee7ff9-250e-49a6-b6ae-8d97e755b690,452,45.97073255039036,55.35878069577692,24.75469360824756,0
17ab0030-ca66-4382-9bf2-577bbd495c8b,850,78.76016868535719,6.847163451928839,73.54542114413235,4
1d149c0a-eeca-43e1-8512-d59775c395f6,142,41.78047055400336,89.25924708698415,52.14221588073313,9
a9c1ab15-3e9b-4a2d-a440-a049988772f7,76,26.14463687524804,88.33184833450079,22.633882211352795,7
12c2d838-3981-4d17-ad4c-9d43afb88865,gWax,51.01635078494149,9.355720863984908,82.47935569700954,6
99c09678-5bd1-4056-95d6-5478dcc7a81d,543,73.11226359076116,20.752148073482967,51.29938448836317,8
6adcf3d6-1d1c-493b-ab7a-6e2ea7c2272b,a,79.84116496393851,47.220720728799,87.62228320778577,10
d2367dd7-80fe-409a-8014-5144c47ca85a,797,47.51107032968552,19.74379758234854,79.78212110698506,9
85dac33c-33d9-44df-aff7-5191c4e1d39c,826,77.35870821897457,63.48348441062831,91.40613787142544,5
90dfffc3-614e-4094-9ee7-e2ff136f86ed,14,10.644219355322315,78.6862834871805,90.64633597557848,6
a5f1e392-ba6c-4724-960a-973d3e88708c,664,54.27426750711472,33.90410333767571,56.99846894203712,10
ca84fd60-6372-4e25-b399-6bc043ea340f,250,72.73748881099064,0.8907952427639976,6.9140608908987655,7
8ae2c189-3af2-4f3f-b680-4f118f209aec,496,14.184353475405388,87.85640931901699,1.952661858821103,4
6cd9d0a1-73a8-4323-8852-2ee38450c3d7,520,64.36884468288329,22.24143668925489,11.094662415864876,7
62126997-f8d2-4f5b-8de0-a38eb5ccc8e8,396,43.3493586646452,39.78013891546803,42.53032182718112,6
76db8e56-1470-4e21-bade-ab05591db4a5,823,55.62984054972689,37.37895270615413,55.75925229236211,0
b713dd3a-b7a7-4518-b69a-2e143dcec723,tbub,36.629945297307344,7.217979590721035,63.63437405054457,8
1ac4eea1-0589-4b0f-b51d-452c3decf03c,747,63.20041887935609,42.56833576447841,60.9105733793463,6
7ced681b-ad78-4f00-9b38-d9cc650f8c77,yofb,92.89510439289776,88.41231486105826,3.6551639986835305,6
b5481852-fa9f-446f-b096-ac91cdb5236e,493,6.135814178497845,68.33647035871768,97.5915222759546,10
ef8391ea-ad70-427a-a091-d51730f95154,267,50.80353138305129,74.80204494115978,53.08243712800339,10
82c6f31e-c339-414f-8c04-981e7c6afed3,eqga,77.34528827532769,74.292664293818,36.063078024372544,2
62ce4d8c-01d5-4274-b69c-e2d308bcaac0,wjqx,89.5027297805679,75.38469242577173,26.124384635425223,0
14085afe-4a7b-4a19-b276-46ead45bfd2c,526,63.4496941904882,33.83960649048879,32.71837706693847,1
205d568f-bb08-4d8b-8c53-2603345ecb1c,228,99.72907897577969,17.347613303308297,74.39431193957914,10
70c35a32-9d43-4bcd-8b7e-e775fbfc30ec,,41.78042597159182,36.63956954843809,76.92652596647925,0
d16ad98e-f972-4be0-92ec-9c6f3e96cdd8,vmgz,41.7313012488162,24.03994339406156,94.221106680989,2
a16a137e-3735-4c80-98e4-5e0410c11cc0,957,57.561786720612986,67.10843807012039,67.5146932096754,8
4efa7bea-d324-451c-8029-547c38617c5c,935,27.05521310095329,34.83979483236245,48.78708307525888,6
17ce4747-f210-429d-ba15-f642c4056e87,369,83.86481912738071,71.86225077403418,30.409939714626965,3
1649d9c2-2fde-4e89-a602-4d68cd6236b1,53,70.43132663662654,33.253236674234586,44.976695771207766,6
01e23775-7530-4170-b35d-9f49f5c534d9,260,25.49963667851459,3.6504085958976695,68.45183682595213,8
bae14a94-e947-4116-a169-64f5d7982d6e,eilH,84.63897347713741,36.25098802652536,15.85730618270592,4
f72568f6-6f7f-413c-923b-bf4ffef9b2ff,700,19.319077166377586,34.37246515603005,77.65638709646974,7
1c562909-50d9-4f69-9c19-74a65d1ad0fd,243,57.60175714835187,88.18582112997039,79.53488909586284,9
1c20b8a4-64c8-4f2d-94ba-628b9dafd543,356,57.87327118150618,25.680323076335444,0.4124411503278802,4
50c3ad28-829f-4c89-82ee-227d24fc8cf8,899,62.87418289613399,76.83162315629788,96.6501549570506,4
c9001ef4-f2b8-4889-8e98-ad0c2fe031d6,44,80.09293134368623,23.2070994807166,54.414423766976284,3
dde5994a-d70a-4c72-80a0-4310fe4f0da8,201,40.072613077008434,0.4025592315568316,8.019001281005323,10
1040ff22-5259-4a1a-a388-a3ffb6610f4a,0,91.52843816228678,30.30885056036594,92.6296412636448,3
2628c379-2e85-4fb7-b5c6-9a248ff9de38,771,76.54226609781392,69.61047009502508,53.48479959969153,10
b9267dc7-9113-426e-8175-5a7b40509949,957,7.64962416512428,15.522657377287407,3.240284167988361,4
3629b2ce-66b9-431e-8924-a87b0bc29c99,286,57.08969443014038,24.837125686189264,81.96133013784406,5
d2474e5c-8db8-4b8e-9a83-be6302c5f5e3,749,40.356274583817765,9.459760008909011,79.8291220231532,4
82c4f44c-dce9-4534-9eca-4416711747d0,366,42.75395720298594,74.18107345211872,7.960198395652362,10
7e9e919f-6e01-49ca-bb79-06bbd04e41ca,349,30.31005406553142,30.3000329247629,31.49897988399245,9
142d2908-cbf5-4a0d-975e-d28c812cd704,246,61.65036199709269,95.9599308493631,25.19081421101004,2
7422dde0-0f32-40d6-ae1b-7dc723ecff5e,619,80.36811692077062,37.164170769582704,72.01952205162924,1
d5b06303-1841-4f84-98eb-1ed9004dd135,129,86.61190755597475,90.11833117838106,40.84148929338587,7
32ffacd4-1963-4698-b117-ba27b1cd40e8,211,65.2945641619363,8.489966810221883,82.48713403753518,7
2f56dc59-81ee-4248-880a-a032d60569cd,897,5.496179897541986,0.817982668256545,98.30537255110453,0
8858773d-778b-46d7-b793-c834cc0f4162,561,28.278732956857787,12.214734617999332,31.38478984661469,3
81d0cb3d-6c88-4fdc-b52c-e753ab12010e,102,19.00283269990798,4.802323752293402,42.06339340744575,6
b62eb867-8cb3-4dff-8b28-e6736af5eb56,96,13.717411421857795,33.46774895368564,68.75189343000815,9
031359df-6fed-4a95-9da7-d66caf2cca54,540,75.11160795214714,51.50154027820075,21.76190049333877,3
e4b8b04f-77bc-4198-956c-133eaa1d5868,fWmo,16.89174388733591,63.03730802375175,15.958647302610462,8
b0f09600-845d-4993-ae8c-e72b99a74ded,259,97.8493847954066,28.1972665644868,81.17635237471607,9
ac71b7d9-3d30-400a-94ff-ca0d075d0bc1,680,77.91275995899726,60.903935453348325,58.84999257408394,3
8d0c9555-59fc-4fda-b346-c0d9072daee3,759,44.8382657255,49.11852294603701,82.80212347496057,10
10260ea5-698b-46f9-9625-89456e5022b5,504,21.48077757740847,37.931944767755766,79.74706893484156,7
054534cc-6a08-4405-8ded-65e9ec618592,505,84.21141715188699,18.76917948530757,45.38584085157634,8
f8af257d-5242-42ad-86da-a855ae04c7ad,355,93.75165229438578,45.454559056936525,32.9192899450818,8
eed5c95c-7720-4122-9ba4-e8605de8837b,998,19.865583686332844,12.91331783945151,93.38978772980356,0
53bdfe71-357c-4ca7-968f-7356dab43c5b,114,11.203889619830733,9.192368574503371,9.115018969319644,9
c4ab71ff-c656-42b5-8ccb-a3bc442053fb,686,53.82153421659398,83.88137456425923,93.39603885311266,9
e61ec9af-28e7-4a10-9eb0-dbc663310e2e,426,9.428027160048211,62.73655463849961,83.98682191308698,0
4720f1f8-8950-465b-87ab-29eae93ce768,418,19.581778572927234,81.18858328340089,2.1644117739397783,1
1f1ac018-e32e-4c32-aab1-410e01a2e9ad,33,63.97899181231799,20.7891001496851,79.92309143422268,8
30ab113a-0e3e-446b-88fe-c2222c80ff13,940,19.694514208298298,56.90063113836654,36.65807097752282,6
16601865-59b5-4e8f-9f2d-3563e57ec258,793,34.94158357023031,72.17571445649983,5.613809399882486,2
bb446b7a-9fa9-4a82-b44b-d22607ab6505,370,35.020040522473714,25.359276346262416,86.40295284777986,3
9fea81e6-a8df-46f1-b469-75854bfbd107,964,82.07483548105644,19.20484328648996,88.66371381974434,2
841aa864-e60a-478f-921a-1688c474694b,990,8.400489139390366,0.1138167222532016,33.127043748310925,4
cb0a972a-c938-4e60-9a81-15a79ca11f2f,215,17.92907115948178,61.04788389113389,8.740191713443634,0
3d602d0c-10d5-4c89-bc1d-bdf79315c43a,646,67.43929162852056,73.42303657417817,86.02234899777855,7
400cb570-8917-48b9-a000-48469775d752,475,69.63927586760565,9.48683900620262,38.65566953972218,1
87077887-f063-4036-8e97-34655d01d738,vxwp,54.30280130721357,73.32978308293849,56.887317597305554,9
6609b0c6-4906-45cf-91c9-791981cb71b0,snbz,57.87244380746822,46.20806812344532,46.33881521501603,1
c7333737-ecf2-4a16-ad67-7f489864284a,244,23.45460002608406,42.58416430158166,69.22693198051593,5
11491e76-0a39-4569-be8a-c4fad94156ee,288,57.18100985237727,54.29068174465732,8.774306513733388,1
584f447a-db64-44f2-b582-92aeed3e8666,tqcg,39.43504334411221,0.9387597341215635,11.325122562837652,8
505f55d2-83e7-47e9-abd3-e1aa253004c2,99,44.58681188697329,3.141306236967168,33.41076717845256,8
cce8387a-94d8-4e26-b4b4-c44b05460667,551,57.82795149994572,82.21152648684452,46.73423838433656,0
dbcf62d1-2f23-4d68-9c4c-314a3234ece2,395,95.49385465570523,81.71409632380755,35.63243428530748,8
062cf710-1a4b-457c-a0ae-0ea1c6af46d5,tweo,34.77594752074952,27.067303179083936,67.10375823771881,10
f0404250-ef2f-4ae9-8dc9-b6be1350944f,496,28.513065724098308,68.95322064097347,37.944980099227465,8
ce7cb1ec-f90c-4e3b-a9df-978f38c3b8df,483,32.440618447483175,90.6293977529113,39.064426794227714,8
27cd16e0-a9b6-4596-8a98-66271a6f111b,59,86.30216357848732,40.75983918212364,35.005329125148286,3
5060f968-69b1-44e6-a024-6199080d2c30,298,43.16677954683868,70.64731177331981,61.9274304876492,10
43993e15-c6d4-4578-8993-d302f8df602d,147,23.907108762602025,15.861180382513396,70.72231074424116,2
50e78fe8-f5f5-473a-89e6-02a327e0c19d,feuH,23.348764355914465,11.881301422402425,73.04698359600559,4
5d9aacb8-c4ce-4100-8175-dbf07abc9c6a,328,96.78405497709576,13.592315347871542,97.81914367717286,2
190598fa-7772-4287-8e26-b8c6127f2658,559,13.911712382841744,59.71860854733285,62.5311214946716,8
f6e6400c-bcca-4b8a-94d3-ab78de620b85,336,89.95601547937329,13.039688017826546,24.697813763588535,1
c39ba427-3c33-48bb-98dc-16dc0b2de6a4,194,40.84306887904876,81.53661439659354,23.97712893851652,2
ca98f601-7b94-4482-830e-2391f19befcc,mevn,56.023961522605134,59.51729801261724,14.035258372089176,0
5036a644-4640-42fc-8606-2e70013f14dd,918,11.16765248020174,39.32203815338592,64.68267330404326,1
6d41b681-a58e-4744-b4ed-0e13376230f9,457,3.9645436510815313,33.64045661985201,1.773209332186687,2
1e7b9a5c-d566-4662-802c-1861d95ac8b5,66,2.1985220867987487,2.1704670494333222,6.211450863761836,10
49a6f916-974e-424a-bb58-ad83503397c9,xSqi,12.654605366752037,65.50496783771595,86.10032274920071,4
73354c88-7ad9-4698-9b29-eda32e1fc7a4,490,27.03784077311545,79.62366808323192,94.90529666775454,3
8b598ab5-f320-43a3-a467-07ef57b378c5,473,4.554504097034517,93.11086194714832,26.049911385950278,3
76bc3a3a-7843-47e5-84dc-1009d49aef79,Tawe,79.59216693976782,23.99423066669901,42.85842429934438,7
2c9c871b-9e3d-4582-a70e-0f8240df9a41,650,41.734538268065066,24.503500912414367,48.95316236523909,2
c59c3c8d-fc23-4667-a18d-05451499e05e,970,85.04467019832612,32.32200427721583,52.922977886342906,6
da4871de-fb61-49b6-b6ca-ebc900d0182a,261,46.90107117394766,49.69064028399548,72.58675559678613,10
1932a105-ac8b-4dbc-9ec5-eccf8586249c,518,23.148865844314017,2.386576687629072,92.88634219688214,6
58cbc2b1-fc70-440d-95f8-31c859e38536,581,66.587657361099,68.7794738433087,94.78066341803452,6
8a4dde4e-862e-4cd4-be0d-d45bed01b0ac,606,54.46951936782103,31.937583896221444,13.344666384527647,3
b6c86c9d-4ee5-4cd4-b1ae-02515322cfd3,770,5.515077884432518,2.96599378153114,94.62940039415228,6
7451d993-6a70-4566-96a5-819eebb5c228,935,33.07963851242759,98.15014030694785,69.41566008152365,3
37c84ec9-36e7-4a70-867f-6778dfd57655,260,66.34280669810397,51.59582258122873,39.87254764571355,3
b1c7b2a5-b5f1-4a9d-8311-400c6fd0b989,60,12.739059758157866,80.63057434687568,0.198623012811594,3
7bfeec92-9028-40a1-9254-b9fed8412606,zkno,97.53709407907894,60.22128427494048,56.39296308168532,9
6f3d741a-18f0-4a2e-b87c-e119a34c2612,769,69.25731997341164,32.36180176483258,57.691011683573024,10
81b4860b-24ff-4358-ad67-50e7bff54583,995,53.21492578034726,80.734546643806,45.01354110587798,8
d29ff991-409f-4b69-83cd-a3e174959f09,210,54.65934699242418,93.6580438593173,2.15049905393897,8
ede7f7c9-d7d4-4ee5-962d-e69037e12693,724,4.570615914529974,97.54077201742912,95.89079235515518,4
7fa327e2-f313-4002-bed5-811545628717,179,76.74228910846288,51.52653990508668,65.25135994433523,2
24fb8214-4ed8-4280-803e-0caf9e35a145,175,30.092153334173695,48.97132825838765,59.65967571573271,5
6ad3ba7e-19cf-4a61-a860-215f152b4fab,217,54.32658906181319,10.607266930007563,27.31180729017064,7
95b3ba1c-d68e-49b5-a381-fe3782225787,752,0.6634829449773227,30.830773665012845,63.84889792200892,1
f1205a4e-a0aa-4357-98ae-6ef1e01efec9,602,70.52001588552156,39.95490552679218,99.1238347164032,10
be6be037-9e4b-45c9-b426-30a7558c33cc,483,55.52083571442423,56.64386707849046,28.524243916864044,7
65f74924-3812-4345-9f00-4644057e55e2,53,11.673917255291345,86.95981709869324,9.514837862210312,6
940207ea-f31c-45e9-ac5b-938fcecaeeda,845,7.423829722594066,47.44713571221924,50.10167769912351,8
67ebdd42-2ef4-4bd2-81ff-0a33bd3c3d36,65,11.82637054826322,4.6525106710074144,59.58119708307117,9
37d5652e-455a-4dea-813a-4890c9b1ae30,jruf,73.64574857089357,20.33247407781674,21.87171660821785,0
e9f74a6d-7d3c-4ec8-aedf-946a35cadad7,307,0.1799144924654272,37.89487323154911,79.66841391030073,2
28978540-8fa7-42ba-825d-b6cf71707187,,53.30816642670466,60.01703157541121,54.91215703597717,9
0f0988e2-46aa-47bf-9422-926c4f4cbb9b,zifb,92.7730544874969,52.68818644652939,76.07430610320309,9
2ceaea43-1e57-4dae-a260-23a8f9b8e863,466,35.7430530723782,99.5485185240237,25.937777072034883,5
5ae35cbb-e680-4c7e-97bd-3b2c53655b0a,762,67.3652903577798,33.41728420382631,98.79098203125125,7
5261ce84-514a-4a75-9482-1be6e92d74b8,udoZ,89.16599884165609,35.13613491812125,69.86292152252709,1
ad939c06-6ae9-4661-97bb-ce4059aa2811,553,8.988328743093554,94.52866151685562,58.2873630334227,4
0e65aeda-af1c-4bf9-a6b5-0be5feafd0b4,524,51.32740629782224,90.25633057031985,16.50192844235073,0
6f8ce1fb-fb02-4458-9686-b6b6168e1c55,92,21.337396215492465,65.81864992245856,16.778246184663324,8
088ede55-6c97-4cd2-86ff-c23812b2d432,LkgX,48.21744944841634,75.98124756989293,10.577876643902297,6
2a569c1c-7809-4f9f-afdc-2ffa986a49f1,719,56.963152188003264,0.9836377513503858,55.30526864607474,8
4707345f-3b92-443b-9dd0-faac9b7433ba,,43.00850030763773,28.865015133989715,85.95803101338416,4
ec7fc169-e485-4f0a-92cd-aa1f3cc35300,406,74.80749704360441,20.08112541661268,44.6465805053638,7
71a8d4ab-24c3-4649-b8e6-fe128b98add1,iytZ,84.63799544015733,72.90802884560088,53.871110171599845,0
a7a1f9fb-5485-4bc3-a5bc-a1cca78fcf39,498,51.62987124285359,5.053838968654112,34.86030561615541,1
f525f914-273c-4678-b67a-7c7f41498654,661,80.31729591257026,23.119319974945014,76.55471909036929,9
93628719-4945-4968-8135-3da31d4eb88b,423,10.98031183786352,7.966173740718608,85.23798840803717,7
eabe055a-2dbf-49fd-bee6-5fdc9610d946,qjoi,40.42585028038923,6.829314278800769,93.02636054736544,9
534eedf3-eb3f-4ea5-aab2-ccf77f92abf1,777,63.11494603826142,45.52525852733474,9.064659760695047,7
5b762566-1fe1-42c6-9dad-3c52073e9926,713,23.664566483450063,2.856200624031091,27.1376408131894,7
032a1168-df02-4e63-8155-ccdd2129eb3b,601,63.77410886159244,47.987134373720295,45.28454677802218,0
aabe4014-48d3-43c0-85ab-717e43d016b5,whzx,39.46232246711692,32.473515518727844,70.8738082021931,4
2cfbf38d-f674-45d0-bced-fd7fe269a1d9,257,18.10815052498204,71.08432090432456,64.79183473842379,3
31113e0b-36c4-4278-8d07-704e5a5fc5c4,602,61.86788091298361,99.37848213609888,11.216746931148936,5
dbc3d9de-c6e8-4019-bcaa-dcef1d8207c7,391,93.71794887557456,20.37339301664973,26.293179629027243,4
de54069b-139b-4bec-ae7e-dd711b5447ea,946,45.21996623101607,43.58641693506116,75.43187979558866,8
60185008-2b89-4013-ae06-b6ee8c20ad40,627,24.346182268261614,58.45486901829823,49.7208008706766,6
06d68993-bf50-40d7-9093-06afb883ad38,803,99.51405181992064,7.920092371646925,90.63387780928508,8
a626a2c2-b8d3-4348-9c34-25ba03d360e4,885,41.4522686692336,81.86165023808677,63.32831752814389,3
8cc8d2db-802e-4c50-8b58-80da80699bd2,753,61.258798113795486,32.57260567479313,32.41966528340715,3
920f9ab7-dba2-4c42-a6cf-602d19ffad96,951,3.7346856328904665,11.407557780488064,94.97286922658158,5
72215205-1fa7-4c7e-a937-7f2b084ac654,781,4.28767922813763,4.544717534513332,2.6145636269527484,7
9544984e-1eed-485c-ad81-4d72c817f008,943,56.2776172445874,27.82562005285485,80.43969408630122,5
0dd9ca94-59d7-4b8f-bf8c-bcd4d2d93374,676,89.04895934086878,76.21794906266754,80.2988216550168,10
f31bdd71-384c-4490-8523-6f35ebf6f59e,520,88.98316166878512,41.6188210680576,1.9532272816165208,4
9b2991e0-243b-459e-a709-852e874dbf85,156,72.9836700970775,84.13126933543019,11.104071105075151,10
ebb050bb-0a9f-4131-be51-cb1c35f610b7,lpok,80.7304672404039,45.67674332626677,27.861385810451456,8
36afd0ca-1268-4cd1-a784-eacd20fd8ab0,192,89.72154880498275,65.11048713861172,63.15697961370618,4
b810add1-0e2c-4a81-b5b4-be6225446a76,545,27.527659250380765,0.8427415965562068,37.59636636156325,8
09e5c3ae-1f3c-4eee-9deb-e55a23e51786,526,8.856822407721033,69.7467586562992,61.54262021400994,0
bbbfc07f-e9b3-45f7-8376-8ce17adb35d4,ocyy,16.76523815290656,16.759719394727924,54.473126615016,5
baeb4dd2-3052-40dc-9576-4465067b3a0d,127,44.16629365443527,43.13817518567481,49.608660373056765,2
fb9c062b-026f-4ad1-8d09-109ee425d79c,aisn,39.44304388369459,81.10754001302577,47.56886964941063,5
26915203-cfe6-4be7-9d83-a0eab31337bf,936,56.9364495517238,42.9633048674342,41.51449507449034,3
144415b7-9b7f-415e-aab4-62e64231e346,awwn,30.552659773438627,22.526272939432303,52.06333759289852,10
c7421141-c065-44be-a18d-19b00e76320d,163,14.499508370613444,96.37649179399097,22.809118657885385,7
85ed34ac-4f4e-4208-9e00-0f16dbf22d1c,435,48.290778707493374,56.22110965359657,62.9946205037152,1
caef91f9-3756-4df6-8224-ec6f2f28530e,719,60.08604637469625,49.33545273370251,9.386609658822598,7
7480cd6e-56b8-4b2f-9b71-86a753bd324a,286,30.214472327670872,77.89481489112586,44.02876960396124,0
0f2dd051-25b4-4459-9d97-01250c2da8d3,274,92.45824396599558,43.319509775656726,67.5295225739076,5
ae97a7a3-6372-467b-80cb-4cbfa505ddc5,703,96.88676176722804,78.39932572835036,29.73370144971173,7
c17d1100-c2c0-4914-80c8-871dca3196f9,326,35.50006707497179,26.341874365074712,54.85334905651737,9
6ad4db77-1b69-4cf3-a471-77442ddc2cf3,567,7.9493985218033085,22.15327169678716,29.23291527537447,8
21840bd6-d1a2-45a7-be2e-417517bb8511,809,6.740180482996139,50.49725583349392,59.1447452880402,1
fc1ee295-427f-450b-aed6-412982fb4511,eqst,89.78666134594087,89.78355199815337,92.7242496269406,5
c84c6ab8-300b-43a9-8c48-f1daaf49c601,744,45.518596475813645,54.34724402999548,62.36970726170665,9
cdce59eb-a36c-43a9-9140-36baa4e27981,357,69.6665621196333,7.4851190287082865,71.0992781519276,9
a6dabeab-5ec4-4f32-83a7-c27bacf8fd4f,681,98.1585411987418,28.450496698641825,72.1444624563807,10
4f6ca78d-6b8f-409b-889d-c5e48c4aada7,882,1.90663447256898,31.138024317212366,17.66553157377836,1
87d11093-9233-4a7e-aefe-2488fe503a7e,145,85.2952385010522,52.26011696773399,53.826195174901,1
2eff3422-e03e-41eb-86dd-d9a09fea081c,885,5.760545078846436,44.345516963901446,57.10938609933189,2
b4ddf9b0-06b5-45bb-8d84-15b908e70e2d,688,35.02574100309018,88.87321463281675,68.83438005714278,9
b5244059-fa39-4b51-8ccf-59745a4ddd9e,683,75.5964562972533,82.95374896894519,68.4269196532654,2
2e7aa34b-d4cb-412e-af20-da0d0e4a04a6,711,88.11018726067435,17.48091758073731,21.705579993761848,2
52799dc5-c7a7-4e1f-af4e-8428dd6a6e1b,263,69.16187310244257,17.87710576885172,39.20734864983212,6
a7dfbc64-68ab-41a5-90ce-086fb4bdfd48,426,75.94412384830848,71.69325445898117,40.24979101710009,4
ccfc5c64-6be8-451e-84cb-d034f7452c1b,628,73.07800767976201,58.38909235200597,8.537356839793109,6
593fbf0d-c5d3-4ba5-930e-ed28b8e5cbf2,15,1.861992095061116,44.53259592956519,97.648019146414,3
670b5fa4-dfb0-429e-a6d1-c53f18f34baa,55,52.18892067042166,39.91577029573976,33.81787097177968,7
54f2e461-0944-4cb2-8c58-153420bd914c,Gwwh,23.59409471913088,71.7453945803609,76.14910833679318,10
38854a24-4c8e-40fd-9e92-b760c2f03a95,gsev,6.224782486759728,69.11444704632926,37.0215443269212,0
78459284-b971-41f5-9552-530ffe7a51a5,40,29.97928521205384,2.330766961114472,31.070110769855507,7
e63e60c8-9ca5-4ac3-8689-0e74bcc44428,671,21.7046493833464,41.67000277724021,13.438336879013068,4
c31206df-a391-4f9b-bdf9-cb418de59a88,xkPt,86.6998715985412,97.94093240102868,30.472213772896307,2
962d3e97-cc41-4d6c-b762-85baf553e964,900,32.74045276455577,79.52809975047595,10.494670220302371,2
3e8f354b-397c-4d3c-9087-7b0fd7abf446,236,53.25613745621688,28.56638736852143,5.633775897755211,8
97b9887b-5d6c-4fc0-b467-5e2d8ec986a1,972,27.42553037481797,21.21552296887804,84.2171789306622,6
af681067-7bb4-4f0b-8c1c-7bdb14de81fd,190,37.27177153512681,63.2203826280538,57.41703543031163,10
8bcc7920-af4f-45ab-b55c-d824c91c711b,695,46.486995467502126,12.98500781166232,17.519478197072424,10
23a974f1-b161-4803-897b-802c3d847054,770,72.22634938495874,31.703314902716663,58.43544404691918,4
00196887-4565-462b-9652-5baa68f6eba5,186,74.01880475897092,72.82995201308499,60.02531965549993,7
288dd1aa-590e-4fbf-b381-49f328f78a7d,290,69.72840683074693,14.243078358847804,85.23194613269538,6
f7c5d75d-db36-415b-864c-0d0c82f1a3e7,371,13.279681449337431,87.64187475756194,56.73215811332122,9
c12a1c8e-bb6a-4645-b5dc-efc74e2cb3f0,55,72.60923367611032,92.82925873703012,58.98541647684464,9
0146d37a-3b5e-4d36-9d2d-564cd01db5c3,294,60.8040259937565,71.00381215134027,76.71955426686708,6
dc7db99e-effe-41af-906f-f2353a1cde5d,748,7.392607617511193,42.95180633992817,51.618399932075945,3
4dce6ba8-abd0-4afb-9069-42fade416098,505,45.1717020883915,43.88521778524756,77.71800404515142,1
3e8dcfa6-7e8b-4f66-98e2-74049cb8b54f,989,3.9172547786390566,13.870400013351905,34.001869964319006,8
94d02e8d-1773-4fe7-9f0e-5a96074ddc21,712,49.96333842500217,87.75258912399315,47.46586106447173,1
7d210dce-caae-4e6d-95e2-2662955a30d8,yjse,33.72185041853149,56.73194776635467,47.42675706193191,1
1457a9dd-1941-4fa2-940b-4d5cfee2f4a0,26,11.013654314509802,3.6557769303964704,87.16433577935739,4
f08df02e-6dbb-401e-8b60-aba1d258492a,366,51.41503831987821,48.10387469883515,15.012650630805693,0
1eb672a5-0b6d-488d-a18c-5cb4b8327ad2,133,12.948250150670416,76.58466175277655,24.84069659688727,9
a3f32fa5-b9f1-4ed9-a9b9-58a941b9805c,476,44.60438167233364,74.01177705089077,12.62514325785482,9
e253209c-82e3-4250-8991-4c70febcdcb5,691,2.767792180012452,97.27721724508538,12.632645521141216,4
40e22f91-d3d8-443c-80bd-39b1ddd379bc,610,41.63153766755053,48.287400347778274,33.696473526926994,5
4a5d2356-6e16-4e30-9c15-b9fe432b1015,oqdt,22.030675720006865,65.97700318440491,36.27042890486663,5
d7e7f484-05a8-4b11-bfc3-a4ef985798ab,166,99.2687253761264,56.44531286955591,27.142687561853677,3
49dd430f-e42b-4262-9184-6ac88fab1ee4,410,0.6623588603723141,16.568548570678555,82.66830533741172,9
2fa0f56b-21cf-4fcf-b1d7-1361b824c422,286,93.65293872409136,74.73919938596552,3.91480568820124,10
a5302a87-b618-4db7-aa59-9f9a35980de6,512,53.90590823268955,19.888226501426075,91.76154461556024,1
14f1b955-1076-4793-bde7-1cfdaa402ecd,324,35.72438996174251,46.60213301949439,33.96007542674672,5
b612b13b-29c0-46f3-ad66-d2d52387f6a5,215,39.79063074912909,37.42629648758464,52.019415755418585,8
84c7c2c9-47b7-4a36-bece-8e21b18a9ec0,415,14.889167680183302,6.391672079037114,52.54007522408387,0
0743dae2-32b1-42fe-83c1-c23eec8b8159,868,14.117339654253149,15.422557926698666,6.431644486026345,6
c0279cc7-53e8-41d0-9e04-58fba45e2d8f,ldgd,12.212689994690765,31.200375360812803,85.88974620274394,8
11e3cabe-0412-4cd4-ab27-45c2eab5bf7f,ldun,44.2818122556582,0.951267736471728,20.62024615427476,2
aabc6e96-a348-4a97-b4a4-3cd6a4c11b5a,865,39.97936633470894,80.56984912004265,40.821526706241954,10
c70dec6c-db4c-4ac2-bac8-0b0c4928d849,etbf,49.61695369388026,80.30776534100706,4.044652209426802,4
714a0538-892c-4f18-9760-878019e4808c,987,62.828162122586825,57.86467118073882,0.8866622620475884,4
5c8b8f3e-98db-43ea-9b92-9a25f3d240b1,921,87.11338980438603,68.66965317791211,91.9979302806962,5
5122564b-7873-484c-a100-4ee96cb204fa,284,4.91254199864345,6.202594765124392,54.361601986017725,4
855a7938-495d-4771-b7e3-351d3ccea981,739,56.51852020795091,9.850920982017586,25.63368605432932,9
2a124955-8c24-41ae-9697-0d11f6d04c11,759,70.38295583399125,54.64152746948262,23.693957934501285,6
4190f7ef-932b-4d97-a907-ce6a3f9dcc18,648,48.2040286945712,83.90811773229177,72.55153757804909,8
e31cd084-bd86-483b-86c7-449fe843e184,tNsl,24.212409857680573,97.32688485848904,88.68214763521259,0
ef010830-beb2-4b30-931e-fa52b3ccd614,smzl,49.33450288243263,55.52047875852373,89.18627744515616,8
00f23803-6387-4903-9243-a9b87631c3fd,279,63.83832956336178,67.25127956248213,80.30242318902118,10
cb0b0a0a-4058-4508-a4d0-15f7c286ba8d,956,39.77619324558204,8.746445983064643,80.51260912678883,1
eaa1833b-a049-4865-abbc-140192f6beda,117,33.16047047810839,75.95668419978009,99.79986861246915,10
97a7a06d-b1bc-4a5e-86ed-0e46f35d7c74,342,56.188088715108975,13.75745128401481,65.84481379677112,1
d8814249-27f9-4fb7-acf1-07df336ceb71,371,9.63903471728048,60.27531381542377,99.11557558712596,8
1f072d42-b00e-4b38-a8e9-d378487a73ac,779,33.711165658555565,45.38178671622723,68.58882114743037,6
ff1e2544-72ac-46e7-a516-85ff270c0aba,500,39.67845621199621,4.980390778734267,81.86939747964485,6
8fbcffee-9ee0-48ed-a543-9ed6837310f7,458,70.93175363437653,25.396352127127543,54.316771297062594,6
88c13b3b-c72a-4da4-8c51-b157d0895e1d,136,11.96837685542922,98.94665690694914,78.79083997609433,6
3439c88f-8c86-4610-a48a-e780860ded93,482,25.504041499064723,85.28987712944172,28.038547377981548,7
d1a6d84e-b803-4b84-819c-367fdff85583,412,50.12550703008222,76.11125211001008,81.76526783645728,8
0a6ca7c6-5a0a-4834-a64b-0d809973f267,sqas,56.26855839275701,30.129684007768244,29.172311180413104,9
2d237e64-5506-4dec-8786-b70d126fbc7d,137,37.88350163109242,58.79650820335448,16.20193399473111,5
7caa2247-fa43-4c8d-8a39-96a4d4c6db95,598,52.03119470541269,61.219769095430586,0.0191089989032389,9
eaad415b-88bf-4c12-88c7-dd0e7e140856,10,20.855477304840885,36.757432376922125,65.28911723930314,4
3f7cc131-c79b-476c-a557-bb7016104001,761,89.26470785943953,67.27326539524748,69.25077376208047,1
29d3c248-b7ef-4441-8882-810d6773f83d,68,65.58190204785969,57.89260030471436,11.228665030888852,10
441f4688-18cc-4926-b069-faeb0ef713a1,313,9.33972194567856,86.67716976432251,26.611558040066107,2
a4c1601d-3e62-4093-ae0f-df0bf9074367,607,11.789960461727,62.817435902867615,56.53723327332864,0
7105ab6b-9215-47bf-ade1-4a1f20db5145,770,77.05555673275443,97.85838247379216,21.2717209831128,2
5ce44f8a-0560-46ab-90ed-2466b87a8f44,843,52.08558952128437,67.13496019408308,88.11952223558215,6
64e1f00d-55e1-47c8-8670-5bc354df35d8,icOr,7.688328047448023,14.46254811675576,20.662492631611507,7
9f23f869-9ed7-43ab-aba3-b8bead3d43fa,705,38.23287781963944,37.32731696549055,62.58442075052084,5
213a07a7-a0cf-4b55-8e85-40d4cdd69fe4,617,43.74685366885976,29.30459416534299,6.533232676416434,5
d3f68755-017f-4b5a-a936-d20e0562fdce,722,57.509694230661935,41.44664056513581,89.64978530458723,10
43c6b363-1149-42c2-b83e-b6077fb65811,Bwrz,80.53647290218926,95.36676257542769,27.267278790644124,2
29732ee7-4b16-4c6a-b38c-e1459b1a1e13,sqsf,6.315637641510574,21.51825368072715,82.6677769322397,3
dfe4b93b-902c-4a3e-a464-15c1a9573e3f,30,15.045500019282589,61.1080353410559,16.751187539425604,8
4b339f3e-50ef-4282-8a89-19f9bc11ea8c,452,7.592517151667765,0.6426383672126668,41.373844455716025,7
83c8da00-0945-438e-98eb-17d59f336a31,631,73.54977478498326,56.50616403062582,34.85606174953361,8
ff4f7eb0-3ef7-43ad-bea9-b154d3d9b3fa,hsmb,20.45824716199628,47.42062972597958,6.650589352746272,9
9957a4a3-613f-4341-b689-a35a1ea7ee13,kadd,80.4562206492786,58.89655179040653,39.59249626157869,7
4b6ae924-4832-43c3-8221-a46b34073499,568,28.933215051424565,95.33743582685898,58.02105395448872,3
a92af204-c879-42aa-9186-e1fb7bb993ad,572,38.03056975938263,27.64589905754934,46.19292748269357,4
c7b6b207-7fbb-476d-899e-8f20f799a28d,417,92.50431124319029,37.320627415528286,1.080487236345984,1
9fec622c-64c5-4f4c-ad96-df331de64f80,ylem,15.032376559706528,50.34237779538595,32.00398237125862,2
c0d28179-6810-4b0d-9ee3-16069d1ba9a1,151,51.40362563577695,38.35339735476153,50.602410386442045,9
849cb739-eb0e-429e-a352-b934365a18e5,eweP,49.04002518301407,85.83749598991663,82.9430366322045,4
e25878b2-a976-4b84-909e-db4494184c27,348,45.43685662977885,56.14685647073661,54.05787658713626,1
1d755983-cd23-46c5-8676-4875a3c35028,cdou,48.96889522434219,46.85409925211816,63.12977880420328,2
b447dd86-5659-46f3-aa93-c27795834475,809,37.51031203414288,7.866949742411034,85.33779049268621,3
573902d3-885c-48c1-9cde-db60eeafb25a,42,90.78646490359093,59.52012733608314,8.934435865157441,1
d636724b-11cc-40d2-9f91-95b1c0b53903,112,1.2698050396185212,22.65018088443949,9.836903267003184,0
22d63f06-ba78-4f02-8358-e577daf077f1,tlts,25.065728914459694,53.358860231638914,8.745003085726799,1
b43aaa88-2c7e-46eb-a954-806c0579b7ed,fklc,81.32343962371442,12.163109100622773,48.3292647414064,3
66f644e5-9be8-49e4-8e76-d99b058d1623,htku,91.13448997877364,65.70150481868404,41.94585328175814,2
b48e6928-0919-4a05-ba29-b89475d176e3,7,31.230905635598827,99.05912400570256,44.5394648160255,3
5a932407-2c0f-494e-b33f-1ec74b25508a,rjcb,56.86319055578299,66.04596914052684,38.67759196113876,1
ee42254e-f596-4be8-bef3-a9409c7ede22,718,51.65236292889321,31.100630998792944,7.389591979276888,2
a2bf2efa-60b8-46f9-a41a-679e8bcd5e7b,897,59.76210807992612,75.99323519688343,16.799946723270388,5
f3a50bd6-66e2-4aa8-8c12-c5fc20a98be8,357,92.53941721769804,64.30052580694863,3.3069478645665784,10
b8443ba3-1206-48ec-bcdd-e63e50e0e62b,679,19.593833098291224,78.22505882001184,2.339466258183054,9
98ff2075-3c05-4953-955e-701e4d3d3fe5,ywbe,0.8481255646634489,30.787253594372267,29.687441143531775,3
d72b6624-e484-4c9d-93e7-2c0427169876,23,52.00186014554495,75.15743014666026,60.43382594888973,10
756de711-a604-4628-bcff-237a315afd83,169,33.44115062883374,41.65679142431077,4.178490336995344,0
990ce0d5-0795-46e9-abe6-05bc0f12ffb5,154,20.28257453707384,12.816169477976768,14.778354847125376,9
73017f56-fac5-419d-b477-9521c1c01864,ruma,26.753594253198365,42.38302958712177,69.56500179107734,4
e2a004c5-58d4-481c-9023-ccce0ad3143a,534,6.675033156328725,60.71870930225415,57.32701260651425,4
33cd462c-298c-4c98-8260-1946479365ef,olci,68.10393235399523,64.61808622935695,92.18291312314672,3
d0ba2043-df8a-4471-a858-4e5522d5e5b1,sbne,9.793523796936288,72.74737821603915,65.76325878539011,7
bde27ce3-6770-45a6-8653-cc3153101fcc,376,32.96344570806543,40.763720730030094,50.27386837154823,1
176ad22b-dc68-4441-8403-5b430f172e0b,419,8.476826799320058,5.150141695138921,70.31945536475651,8
9922397e-4e4d-41e2-abce-c084796c27bb,746,71.07702855900719,2.683771029826598,63.12369850809054,1
96e2a739-81cf-4d37-bcc3-6f7182d7bcfb,416,85.52213643483404,45.1468591494676,61.32545093478332,2
71334f39-a7b9-4676-91b6-969698a62f2d,61,8.899257780079683,23.278834215576182,86.03271772495474,0
43fdcf9e-0b2a-4a37-99f6-dcb829e89bba,625,50.14240097586108,56.92468687233192,14.260088798697812,7
9634f0d1-1f24-4ef2-8617-95bffeb089cc,kgot,71.27012156545938,2.9003753445775997,10.181533310091506,10
29c5ea73-ccbd-4383-a3f6-c3770d6eebbc,257,18.49602458328752,54.5641074355957,33.07690419552103,9
df0ddc1d-a2c5-461c-8954-0cfa8f000c53,811,23.628003220819792,37.419827884636646,37.86622144300868,2
31a13be0-0059-4fcf-8c20-a35f07bb6811,776,85.39829538040506,27.86033010034036,88.05343110217936,8
9b3af161-ef03-489e-b92c-b748bda7d2b4,800,40.0255359449399,75.90097755496748,39.34391159653497,6
ffa513f6-5ffb-437c-8716-0f2698bfa3c9,819,39.19550108694643,13.41142853862899,96.8515679132108,8
70be12d5-2e22-48e2-8bb6-3fe7e969a5df,384,49.745604195486,30.122709928743102,76.9306742125776,2
0e8d7f05-1382-4c0c-be7b-4107d9d9405c,43,92.51976386891047,37.08252369077312,73.08824450045762,2
3767c3b6-0c2d-44cb-b1d4-948bdec6e535,457,39.89075758549885,1.2018267369603983,80.97306055619099,3
7c1367b2-3aaf-486d-b50a-73a48b0a182d,76,39.77512118119378,2.9472222971255846,39.63504287277381,2
9b446879-5e80-4d73-9aeb-4d2f7bd93916,444,7.213883242437113,54.119724224975485,50.6858003787983,10
b4260b10-cd53-46e4-8717-364f322ddd99,485,22.12374271208684,47.20473690464948,48.09623203427165,7
e4e6c907-93f1-4c95-ae8c-657978935347,833,33.46419676401423,69.17138005823674,94.28736196502214,10
340b153f-f7b0-482b-b0f9-e5776c95db3a,45,52.11687122298605,99.26241255868402,69.20668258724714,0
39447def-2381-4631-9231-fca981b6b80a,965,39.2963426543648,88.41662692851946,54.75826984901978,9
b71ab7a6-2ea2-4793-8e65-b03f48ec664e,812,56.4452368710477,27.98841867334484,71.64101488083692,7
cbf69b69-a399-48b4-960b-2f52446bbe0c,966,18.962373058839688,21.2904840837722,89.8543034713339,6
28afe6aa-8267-4726-b580-f112e12907f0,513,99.5843599433132,73.7243857188637,11.20520652003819,10
b7f54396-2c92-443e-a7c2-27d66647a6b1,470,33.68155504340227,65.10387567006512,23.94573221648113,6
ac7d917a-5800-45ad-b55e-a27a0f9772c7,774,29.281457530795187,48.15638234235928,25.12083456531664,3
12e80091-85aa-4ced-9ca6-f27c0de097eb,114,96.12637358437829,13.264520655497256,72.38943098049563,0
6ef665f5-7e77-460d-b594-eaa5beb37081,364,66.72418726731978,60.88133724413297,48.681553607158975,3
b11c673b-de7b-4d1a-94c7-86a42974eb01,344,53.26006437672922,29.45794375656792,92.28065566959503,5
c5bfb076-3d1c-45cf-86dc-4ded8d771958,567,20.29988500245703,7.174344262865462,66.08968973915786,8
5b2432e4-2419-4340-b258-78b3d26e959c,573,49.85131269714498,3.4547712291717936,14.18545128950549,0
d8f1057c-d5f0-4126-baae-72aea5b0f8d1,926,17.371577506282478,51.05517090346275,5.661698642659408,5
69b2efa1-a044-4f8a-a98a-ee5da14fe737,984,8.768204152462433,34.76603789279039,1.7776883605017169,3
91b730d2-bda4-4728-b90b-b4ec5096cacd,248,75.4390907596188,79.64856139586094,10.531755051737534,3
90e365e6-1c82-4636-a841-feae020c3216,571,45.61107851737173,19.347117793470247,12.845696466293576,7
ee482b2a-baab-43cc-a080-a6772aec0a3b,shba,85.09161797771021,24.78910415545743,87.55485731262436,3
2ab563e8-4235-4f44-996b-938953451ff0,gezp,22.47375560634709,2.4970574488312303,4.266913744328827,3
1334ab26-2600-4009-9044-0699a14dc249,357,74.25175251007163,99.8083987666554,91.94535469977778,9
069eaa28-fff2-4ba6-836f-0d1b7f31d468,812,91.86421395351832,52.91083412896375,97.85429377781097,6
789f9ae3-f401-4e8d-a019-43a96968fd27,711,61.01941990140354,4.477713437762665,22.108670102998307,1
ffffc0f9-6f6d-4fcf-9d59-ad10e74f087b,achb,2.632852603562974,81.89690183668164,21.00932040498273,9
9b6f513c-0af0-475a-b428-ab6073dfc53b,277,32.41218176042568,33.81856599911948,41.35561238313041,9
a594655f-ee0a-4753-906d-a6d76580d8fd,109,73.83781968410491,6.000290412697085,9.895204125456146,2
5550fa80-f101-4490-980c-1e804d157123,1,38.4093138371306,61.627653695166,12.229843299799835,2
2a91f80b-8a00-4a65-b96c-a6c1a304fe9e,816,20.71723339459406,76.54024993363345,2.9369361875028037,10
f962a042-90f3-40fb-a6fc-06e4a11987bc,373,57.58801160743935,46.44569543485264,31.869123733479565,9
c825814a-0c5d-404e-bc22-16161a2c80ee,50,5.296537128098966,81.95850871805203,70.99773733571479,6
672c85ae-91fd-41f2-a29f-e9a9cb5a127b,aaxH,17.726934442930762,69.12445037264928,20.01924110382469,7
2671d323-3d6c-4a0f-968f-af902b5e352c,zCkn,5.362209612556324,91.26605345497244,91.69278679152076,0
7c11c1ed-aef4-43e1-a08f-023724597e00,765,35.190751271530715,73.38556251009977,80.64096341392056,10
f49f8fc0-528c-435c-9725-f8e2d45f5920,459,79.64552033540492,31.714573957481274,15.4598347941707,2
e6b33c3e-b3db-4c8f-9027-d4a2813e6e60,158,69.86149180777585,24.479511773720308,46.744298059379794,9
1df74689-b0be-45fe-a7d0-54461c6c6005,jqjC,6.079314996565987,19.604018565602665,31.184175281726954,5
09436280-ea22-46c0-89df-1559b313f0ee,647,49.439026661593,1.5151460324059118,77.65865561786634,4
45f0dda1-f617-4756-8b20-b41100ae48f7,503,62.4587477375466,36.81357890665195,72.4688126548115,8
d9d7257a-fc60-4226-9c7a-2b1df2a7f951,536,99.6211394386752,94.54330454679088,40.68060437864093,3
a25acb10-340e-4c5a-b464-a11174730714,698,61.40021495451023,17.59071670108634,27.88390584453265,10
19abcb01-0dcf-4b56-b35a-6c15915f5aec,448,8.672567620613004,37.09500774739497,98.44244571896742,3
9c20e7c3-6fbb-4fb5-ba07-235d1cfb3e41,595,17.975773643938297,5.693588920726422,10.68030729690589,2
c7c7c59c-423a-436d-bd0e-e816c2dc8860,vvwC,23.83470670113144,33.1365897467192,53.97582674272127,0
ffc2dd74-7746-4c6a-bab5-024aa50fc5ab,610,91.6879702443676,54.93767877817621,38.84916438394753,10
77718951-cb39-403e-a9bd-80e27bebb101,456,97.06774671317656,19.28562700928416,92.59691021184612,2
d9032a63-eae6-4871-9ff3-cd22a75bb1d5,50,4.485255940904287,94.34857971242516,48.50198594420342,6
b6c36a03-217c-4db0-9240-cb5546f4b074,155,53.42558093236613,38.29771366642704,81.48449615110418,5
69ec4a02-ac85-4dfd-91d1-50646d233256,363,2.190593618776082,79.54793594709109,67.59557856578856,9
ba872a9f-4fec-43f5-a734-835b4b2c0153,182,14.59104756150136,39.583732879987785,9.396348904980467,8
3a5bf687-b220-456f-8ef0-16518ee2ca9a,975,66.07433409820874,42.85167838734204,74.33051337629671,4
630f68df-9700-418c-860f-6a3511c743e7,422,48.7414712718026,56.19584354476474,6.608398973309038,2
d1d89ca2-bc58-40ac-b325-8fdbdddad2c6,727,37.27423646699641,72.12659988808248,93.76408937444232,0
0bce5308-408a-49dd-9030-86c6ac8f1cb7,402,44.2212034977788,44.49851258335228,3.9925531150044047,9
7766b056-f4dd-4c60-ae41-a2ae7b782c04,qjsm,20.308401937457177,11.433568599995937,94.51756820769292,2
95119648-2392-4ed3-9d4f-7633a6002ab1,349,11.68871977248923,90.72585584501525,29.27829591395149,5
191f75f5-e5ec-4e3e-9c2b-537d212fd9f7,574,52.29206613169696,44.29852927920486,77.20824240523847,5
0aa19054-eeef-46f3-80c3-ce6753c459af,363,92.91947499589035,76.49648542549076,8.636752787950186,10
70c3e0fc-be18-4c92-a6e0-77537ee3c928,514,57.383657511705735,9.303168807630158,32.3298169790047,10
8848ebfa-3a8a-4f16-a799-96a617f24148,105,28.503731263107525,32.657075389167126,66.214408650491,5
7adbef59-b20f-4580-88c6-6338f85e8d80,462,12.119908957177216,4.062613883350219,94.23020256373772,9
b75e3c39-ad3b-43ad-a3ba-5512bed9c742,345,33.239121143895915,76.68443246209752,46.01827616133528,2
605f59ee-c402-460d-a836-9a6b6526f02f,243,44.43159446178085,12.899370643502827,80.44504535011606,5
1375a645-12a2-4f80-a6de-96b6da54d67b,781,2.843935143027243,20.622925427965487,7.965229522426986,1
e3682f5d-37ab-4e1c-96b0-275e951adaee,ymCJ,94.44499146416577,69.8821280363902,27.005611515909106,6
af8f374b-eb2e-4d1b-82ea-dfeb466864dc,dyed,93.98705759720458,8.287810447083588,8.287420806026658,9
83df105c-ee53-438f-9117-727dfa0941e3,664,61.95969180989187,70.73389018892946,66.12099272979044,10
365bcfcd-79e0-40a3-9e16-cbbfaa05157c,27,58.76654738802694,29.76982482106969,55.53498224444492,3
ff7fb6d6-9975-43d5-8f6c-691bfa120cc3,602,39.03049230881284,92.31779881906628,86.13164220199688,10
7c998a93-f95b-4648-abb4-6bbf81701e15,ftnu,7.233851638404443,93.11096050151995,34.58618775109995,9
b9725b24-fd8c-4c10-a858-7ce34628322f,767,23.944114180716227,13.189625677368156,1.2656373295927836,9
4a4dfab3-b4f0-430e-8225-581055ce54f8,231,69.05230081736018,7.825865040178714,22.34083498947841,6
a2adb940-cf21-48fe-801a-f6d5a435665c,149,25.64855891084128,68.5713839055604,43.6837480175947,7
6f8406c9-5776-40a3-bf12-7f8afb3201e6,992,38.88678865142812,19.46740215824362,81.44320693722882,10
89984a12-56eb-49a2-b6ba-75063459fe6d,281,24.09826359909649,99.67061237999177,34.58740010905,10
a8cba0de-9940-435a-9814-e372aa5321ac,207,65.49085615243388,49.77416777692074,51.51697897644352,3
6bcdd7c2-aad3-4df1-831f-cb45968ba90e,516,60.55338892045047,69.43174455161135,2.2173165678307627,0
d28c13de-72b6-4788-a018-f6abe822aba6,14,24.39206129057474,54.75446084682603,29.47397913164532,4
783644a1-29d3-4ebf-beee-495474cb94f2,378,14.189051013489628,25.455238811667368,98.30768393685447,8
8951e659-c5f4-4d3a-9bfa-4e3044524266,43,89.86809544546499,49.431320109795294,28.252072049106523,6
bbfec7d8-5252-4904-8c6c-b83bf998bfbf,679,42.834452509827706,94.7730996795226,55.49723398584106,6
7a0d36dc-3c7c-4f91-8a1e-30d46fa96dc3,469,66.71684807685335,56.13516808003188,67.42753304808427,0
763b128b-b957-4792-8458-de6ca7555ba7,53,19.60950570676185,79.13527173601598,20.49560979894791,7
11daaef5-840a-45b1-b375-0b675e366a51,805,16.06723679329565,9.56031190798866,25.97022847614404,10
b8085a42-18fb-41d9-81d7-fb75bd0b66ba,284,69.28245943418484,54.552794040948285,76.04299821164298,0
20713ae2-dc19-44e6-81d0-0541bc508a5a,jiid,15.148430453625004,16.25803813561586,81.59802390349503,9
e7d7b8e5-5646-4763-84eb-fcad9ef1aeb3,935,88.15638008896359,76.41973769781455,79.28395379716827,0
5d171695-dd91-493e-ad4e-0100f29c98ad,239,76.71863771209347,94.28798332269828,9.49644416985157,3
52cb8b66-6135-4bfa-b4aa-2858572511a5,925,37.0594254717933,67.20659034304097,2.871606080282163,1
c1da6e05-dbe7-4f1b-bcb7-bddee10624d5,697,48.17018213483252,20.509223255153053,48.58167387368872,7
bf6dc901-04f4-43f8-91a6-7d44dbd26fb6,gwvw,46.862483192050455,48.99708903511789,56.01339221898998,1
d86c54cf-88b8-4313-9183-b79c3f0b8292,432,56.61216775846928,18.28319489682154,0.2676161973637958,9
1c0c5e0b-c507-4f94-8a0f-054e61c678ab,941,49.63598461958151,2.867623425053367,32.31745498578954,5
76482193-bcc3-4a3b-afc2-a4795a8932a0,614,77.64541173005236,49.83115732053677,32.11315246780416,1
22ad4d99-ecf2-4d58-95bf-5c05d8acb441,mXqw,92.20233912278636,25.48700730268405,65.2785055359275,8
70e25cc5-1db7-4d91-864a-d56d7012c822,486,91.28685647517436,79.08611563411489,32.72723400866801,5
a52febe1-fc48-41ef-bd1d-6d6ea2ed0e7c,hohE,77.0266694845833,13.428770679158308,89.5082814634338,0
a5c1d84f-68d7-4f95-afc0-44d99a2052a2,864,90.83646056609804,98.22082675704752,67.5589273603186,4
984cabff-3495-4dcb-80f2-be88999371ff,934,97.04884660489826,39.42511378686788,43.42483488575303,2
1ff65ee4-9512-440f-a3b9-7a5e83607ae1,321,36.73365597610021,85.1172699118245,2.6098931281778204,4
9f748bc0-60cd-4b86-89fc-97873b9493d2,890,33.757765693063504,73.74153300454095,68.97814018991025,9
a36f8507-0f86-46ed-a4a6-e4f8e3c6fcd0,284,83.15026494705351,40.19720293987192,52.24858542809121,2
2f3594d3-4e3e-4711-8978-17652a7560df,914,21.597332114494797,3.410450048840419,98.73038571573758,5
1dcfec49-464b-41df-a90e-7d47a647e0e8,763,89.30700411161152,63.92641165397872,40.20875718674402,0
a13ef320-1127-4d9d-8471-588267ef1f2f,lwql,35.1678663390439,53.69808588997756,46.41767703332008,6
bd96ebdb-7a56-4f69-9ee4-952449f2ceed,wMfW,26.397367153458863,82.42076471852188,17.26777519593107,5
5eeb2055-321d-4a6c-94d5-ccba0a4132f0,423,59.771908440640246,32.35092942937645,17.351771872846157,7
7aa89aee-b8c3-4e36-a711-0e6f2f5eab2a,259,67.35623896081174,48.4333690868804,31.489944966193363,4
718fd240-becb-4766-bfac-00b774c041a2,751,63.324543455422585,56.84084656972143,83.85633539935907,2
3d86e760-0a72-44bf-8fab-a004ddc45aee,wtiz,2.250734418945421,29.355104268719924,9.20372931732556,8
ef4b6c34-2672-4930-909e-54773fe6cdd2,576,44.06777492732964,91.34485928283507,63.522163129756656,5
944a6ce9-41fd-479c-b4a1-96911cb3a1fb,269,69.50397788861086,15.794843735830463,10.092949991447744,2
992316c8-904d-4570-b178-130260997c1b,549,62.27888635112745,0.7363905794290804,47.28255730518856,10
2adb0d5b-ee10-46e5-9f0a-84b4cf9bd045,77,39.50067440804075,67.75426937027717,67.51812388262863,1
b4e8f0d4-0dc0-4b20-aedf-e209bdc83dfa,544,18.147533291069674,86.9558809952784,61.986074321738585,6
14f1f0e3-68fb-4532-80cd-17083f7d4210,870,81.756153146859,90.39568491412255,65.0884358257931,5
0069ffda-6a89-4340-a551-e2f4f888da2f,653,95.13901040889358,87.36791605725541,48.74963834946004,3
eb0c9ac9-00e6-4d1b-8ee1-f3b878c4392b,428,39.35423400737536,14.397264926910246,34.23423399656197,3
9dbefe48-61d0-46df-b7d4-e5ac93cf2fd8,433,26.45226588110176,91.9769566227719,91.14038771286064,9
0be53eaf-f620-47b9-832a-a05d7e44bb87,901,21.666363618914207,69.93406011517533,19.489943891867306,8
cb0aeb92-a2ea-4158-b059-c0bfd238456f,basi,21.448567014222487,25.683713281093038,20.81457628167387,2
3d291fe0-3880-4609-ae71-b323dd717780,533,79.32444684849402,77.79150481581813,9.263905700020114,5
02e196cb-154e-44a6-bfae-65014c73bd55,703,75.62041946074244,4.96025072750218,63.15287871443691,2
2e47ef03-590d-4bc2-a0cc-f286e240b8ed,835,57.94932019557025,14.716360997833933,20.01827403542501,0
94756415-ecd2-435d-a72d-3870d590f9be,476,97.2065661345708,74.00922471497235,0.1818731420848207,4
cc0309d9-4899-4166-bd8e-5265accfd8bf,350,31.116891159118097,74.68171655068119,7.046523543102101,5
0a506e28-15de-4b2e-b6bc-b951b85eaa42,1,48.691928784155216,77.39259222725991,75.88542350280865,6
92778a39-15f9-4c0f-b876-1aeaa0951f54,790,7.197402850026391,99.68269378987505,0.5057672947074932,5
b3f91885-d4c7-4525-ba1e-f9911e08ac99,383,28.901633718201047,91.1855289982199,3.978844276911053,9
2892ed7f-41b7-4af7-b1bd-479407da77c0,1,0.799727194854627,77.36307678799395,56.08995213474994,3
001b10cf-532f-4024-83f2-3cc90269b900,41,40.29741059227621,71.83211277517002,19.434626787305685,9
e0c4d0a5-ab08-4d34-933d-c7c8866d3ab4,559,55.2658984606342,41.53496372312537,24.132465778339483,4
f491d8c0-0211-4e0d-b296-8963f4447434,992,70.30103090344429,25.604442990471554,0.0173583835704205,6
53731cb5-86a6-4ffe-9de3-dc1c3a1d5b96,556,92.8821783352438,35.96087120939471,48.80385932089232,1
31f40c92-7a1f-4911-807f-9dbadfb64307,768,44.54792456484344,24.33793144063429,88.36517628453865,7
bf626e41-b225-4f3f-973f-db4f8ca3ca6f,683,23.377050883663298,62.822965003388646,43.040126222381645,0
6bb2f219-95ff-44fe-9dde-535820e50777,Wdtq,88.45027457914684,16.99065484391129,64.76224409598699,2
7f3fb277-51e6-4505-84b1-580352cb6bba,153,26.07251744231929,22.37123294782325,7.04408102542442,2
814d4fd5-93b5-48ef-9dcd-6d4f6b13be5c,qqDv,91.02815809814798,89.48576606772444,62.729056229487846,0
128dbb59-a1c2-49cb-8eff-1f27e10e0e3e,421,36.77737407954685,80.69625552745683,10.58551706302161,3
1af8d9a3-1399-42dd-a93e-e4d0ee04d76e,hoqc,36.77564624296485,8.925442462730082,23.19974086681246,2
1c57709b-64dc-46a2-8be6-e639a6d10650,955,4.969800747181552,7.624806038611465,74.4486770219175,3
f8a20ce6-9b90-4452-b305-b1d7a59f2759,874,73.45632516474114,55.57223821428262,79.57380622755362,3
deb1532c-e98a-4651-9977-3293dea390ae,246,58.07085387516734,1.7951624106192776,1.322700145082878,10
f02d4c7e-19b2-4130-a8b7-7260af172278,770,11.487578556707856,57.99857312471512,5.615958711099466,1
e6e8adf1-681b-493d-9fb2-47ad2c9b59c2,234,91.13251746434308,82.77670709397805,60.83543755069714,6
0cbd3492-8964-4b7d-ba4a-190812d1c57a,221,46.21370643210747,79.64915041424734,70.31141148846847,1
a4beef27-58e2-4b85-bf40-27423bd24af8,106,2.5329506698341664,53.45260815461844,7.850895364801758,4
a1eb53c7-2aa1-40a6-b7fa-6db170ae7284,4,31.851293130898984,85.57177706785926,87.81398005790334,1
f9835ce4-c18c-48fc-a1e1-94ebcc157a71,951,31.30335407561288,83.74459288378256,70.09453606191259,5
9bd6ab16-8839-4511-96ac-6a6fbd193040,urZp,20.35366601663533,69.57564904090798,93.76098829538188,5
b0628691-563d-4269-8189-d162ef59e573,rja,10.537765240522845,6.623545779341877,7.78761298861208,0
801d9680-5135-4c28-b94b-ccd86ae76b8f,425,53.96119118450664,12.029350851845312,9.642208353719829,0
b79dff03-9fac-44d5-8476-c2d5c5f31bbd,313,55.73118065768903,91.36495071087433,43.53219019482418,10
6bf5c58d-bfc3-41ac-88fa-9726fa408955,63,15.589949105544363,81.39850447499079,65.88428374700688,0
8f40b607-8a12-4522-93cf-2bd74e14a720,156,57.67771055726279,14.079879119396166,53.04044578339757,4
841c6540-f1eb-4e90-bd43-cb735c1ba34a,663,59.753473291475615,2.7310716031482385,62.82014740428671,4
d677ecf9-cbf3-4d36-a70f-2666dd20048f,772,90.47595943183624,63.40194212551628,26.575031693366057,2
cb574e7c-b307-42c1-b255-148f65242637,620,87.67995503785185,17.803331749524087,99.1321962666982,2
d02739c3-7cbc-4948-8103-b59bde06a372,957,23.890800446792547,57.965349975269895,21.475214954907585,9
c12654e3-a6cb-43b1-8cd0-2e3a93d73ff9,495,62.34765389133637,44.80718386972921,8.57478830802566,6
d9ad5e54-0d68-4a49-8201-bd4a3ecbc15e,671,74.66411701288006,10.280789325691176,89.48743613117291,9
68f5742e-68f7-4a17-8c35-55d471280de7,pnjl,83.8746232769156,82.75621413156902,52.08459468786778,2
35d3fbac-d147-4c4c-824d-c7e4f3278bfd,758,54.56540168349149,0.5267741258518033,3.814973791987919,5
d9a28287-b93d-481c-aa3d-fccccbe1840a,jnwd,47.63476636521414,34.60536925783694,14.786542380282242,7
40383cd5-5275-4afe-8485-7d5959f3d9b0,624,59.50808568948589,59.6505265354534,58.31259663164949,1
f01e86ee-51b9-468a-8c11-407606a39271,498,64.30876315209477,86.74551923406209,77.06435664202561,6
4af611d7-24af-43f5-ba81-3727950fc60f,62,58.28765366017036,58.181592225473096,96.70371162338502,2
10219608-ac2a-4c67-80bd-d39676b0c801,238,75.81367857385028,39.85479147362491,2.986262250982552,4
ffb7e23d-ee32-4c55-b6cf-0f89f91b5831,695,2.693869940998528,12.607003835489303,20.290166808101272,10
ffcb92cf-264f-47d1-b54a-5204d9cebace,887,60.184188741170544,97.03395712847318,78.30763586266167,0
f28559d2-ab28-463e-9760-f02682afe569,138,42.83747629248028,55.079948334935615,86.78206019661063,6
323767a5-9024-47a0-838e-2f8eb7a583a6,839,57.0151235299678,86.28800335848024,28.316262593622287,0
a85fe361-81ee-417e-8dd2-6dd912ac12ba,83,55.24061876011102,30.39376203169761,22.234335824422224,10
8ec9dbf7-c6e0-4401-a1f2-9354f89a6009,856,92.79020315416965,31.276776109235616,52.770222974921225,6
ca0590c5-a0d3-4cc3-931d-b73eccb55f86,158,99.54655614036317,67.49070353763014,48.28482113511943,5
b55d2a30-0d3b-425b-851c-33e61c7ee186,256,88.87703555104024,62.46202457960458,30.62079488914674,5
a798a551-beee-4765-8fc9-5da934097d49,352,89.22399033155263,77.47572422983463,75.4408608518818,9
f1160b16-9ea3-48f1-a3f7-b219dcbd9f34,908,62.451064835601954,74.11040854873048,31.319044445168988,7
c03d3dcf-fbaa-490a-aff1-a29975ad414f,484,12.709317195783576,55.7205953240411,94.02975916893536,9
1e7ebaf5-2ced-43b3-b610-290948448ce9,bave,10.347887459463978,39.13219370956797,48.64916819942249,3
a274905e-87b6-477d-80a4-8aca3fe71c64,113,14.68140435998475,33.40609757246145,18.804055311955803,1
c3531740-2e16-46a3-8702-b5857db67b2e,124,9.866161206693723,63.08850976650922,87.59239779323458,2
83ddcb1c-f8c8-487d-9057-675995c0389e,57,28.863427903811267,32.55601862865013,15.590221162712414,5
7ecc12bc-02d1-46df-8d56-8d7470213fc0,ksbm,6.476551165482103,91.32120876823296,99.339070664998,5
c1c23b34-8e87-4d30-9307-a2298259e3d5,Ibxc,52.20011663493111,37.184543327322686,78.82863514446696,5
a0eebc9d-4a58-4ea6-97c5-992d5e3b2780,794,15.003594128433209,5.793393373841016,58.2973944971123,8
55cb41ff-95cd-4430-83db-eab9ba6411f2,825,43.25292328505683,66.71582955910695,80.87417915998576,2
3a5b2c9f-6efc-47cc-8ccf-b133e2b80070,416,8.385441609431666,4.360295242926082,28.062371583929767,10
fa88baed-f087-4fd6-a177-42f804a509e3,112,65.21724257340784,52.24448414996765,49.983335192464175,10
6500934e-acbf-4090-9905-7d576b060de2,185,40.3015361965593,76.48285403359574,95.36217285414727,10
d602cdbb-e452-4321-a2ef-e2f8923b4500,477,52.99914853187101,84.19416772020095,53.680577968045405,9
3c77380f-dfe6-4394-b3d0-ec68535862ec,331,69.31618878893435,71.71736193996267,26.399416398150837,2
4586268f-41d4-4a89-90f0-10a1acb25b2f,462,96.50624979946532,75.84946518632086,42.97630492027751,9
546244b4-a81f-41ad-a1e0-2508a3e14664,888,15.879499490942273,58.35902047596995,7.763749551300069,7
e60c719f-40ab-4aeb-9207-e6fa7cdef2e7,Yubj,96.36842018414735,3.718486799964616,46.58280862558068,3
44d9ee9a-0d44-4d67-9e96-abbd4e7e87e9,802,3.282057802248184,41.898473670227766,48.895247713406654,4
cb7a6e9f-89f5-49d9-b7d9-2946ef8eacf8,89,98.8704178727979,34.79104046819721,80.02634880309762,0
1673eadb-e1aa-43da-a040-45085b57a30e,386,27.9487615312199,53.72760783368443,48.559981945159,1
0dbc8716-da8e-4607-a0bd-d49414b1e25f,709,92.09064197676692,60.803547255040925,88.73750301100758,6
7c33f515-33d2-4c74-bc87-5a466b6e2a16,865,4.491823583535504,86.79126751228334,56.442334385024814,5
ca95d7a2-2421-4005-a871-e4302e797ded,810,29.187041534809232,48.18976027039111,40.27174690464052,2
bd8eaf6b-3fc9-41bf-95a6-dcda3db47672,933,94.90769446261775,16.1722632389081,12.589632078093992,1
53041a8c-7edf-49bc-b1e2-96ac0c2d7c1c,72,6.033745850682603,65.94689190603688,75.17541157989226,2
a368a3dc-3ff5-4d4a-86ec-8cc42ba0c4e1,131,90.06587882973321,35.39987861742026,2.2318557732614264,4
65cd484e-9acc-413a-8914-8e8599f2dd0b,386,54.58551310605476,41.0654791204654,92.68072350336452,10
b93ef5dc-4906-4dbb-9cec-9f48028bfde0,483,21.27464106385607,53.965582226034336,6.43356054419455,5
619a9230-44d4-41aa-bd93-fdda44d67d5c,23,3.97462729259136,44.43598574824031,3.7389229356001854,8
78f415b2-e7f2-4d32-a7e9-ef1db7d2921d,459,82.82787756933564,33.43519132611434,49.52720235295298,8
0226ed68-2aa1-4599-acaf-9fad86fb8dd8,iwor,29.305023348599203,73.79886145351567,6.216923933315455,7
971fb1da-111b-4209-898e-86e0860ce390,oqhk,21.182578886210766,81.80456467330404,47.57416487459578,0
4218f3a5-c8d4-4b18-ac5a-d83afa5c0537,gwrf,33.728285874126165,38.006027990671534,50.02607628036192,10
79935478-697b-43d1-bb1a-b6bf6a32086f,708,53.4889597252534,56.68652506450079,73.85431902348274,8
08487d6a-7a38-4e18-9774-38d898d044d1,671,6.474237123581672,69.7020847395387,26.33231720722827,2
728fa633-de76-4b4a-acc1-4fc725fee8da,550,38.49755792232784,9.533411633240297,92.44744121737992,8
89546a32-97a7-4320-94f0-e6a933e2dcb0,217,85.54677946900682,47.13543106814488,61.50809597988109,6
642c6bcf-6ba1-41b0-814c-ee9ded7502bf,551,56.96682491862612,9.970564943153748,78.54755771347699,0
73b5f6b3-109c-4915-b5ab-a7474b294abd,ogyp,28.91223017233614,69.07150824781148,33.94797608677577,2
c78c777d-d516-42c0-b564-b2e7d50d91bf,fugv,73.97313175208076,45.6358627092108,18.764899056686936,3
37f032ff-4c49-43bd-bfc3-6df12773c196,509,59.96784167592877,73.2579247579575,26.996751289845765,7
f47796d9-a244-441d-8a8f-f65a3da92988,806,63.93994839952013,70.43628039657104,1.913267882453129,0
adfd8cec-bff7-46c6-8e2d-17040765e59a,544,80.93062715774852,94.6373318884408,42.76846232228396,7
045d0204-9099-4472-aa08-2f58212bba8d,484,88.5455174982172,8.444108447519305,54.03821295005996,9
593b76ec-7437-4cba-ac15-2591b62b7ffb,71,30.792495600280567,27.358304055583883,35.55482904130089,1
91755f76-f804-4f52-9775-a8619beeb3d1,839,38.248722521154754,94.69369013622104,67.79232477673101,6
90691180-e2f9-4cc8-92c0-03837a1f8c68,374,28.07486186746062,11.328956283047942,88.48673661125737,2
7924a6d8-2044-476f-b77a-a9c6c3670e8e,802,94.04633438909116,86.4783262101541,74.083251641106,8
e377a3c1-e855-4ed4-86a9-709596ee07dd,rnta,88.17353601435764,52.13844129455466,72.24598839771377,1
83d9f69a-f86c-4c30-bda9-c2aa47a68b01,487,64.13813686801,78.9500769926455,34.14121197931846,5
a46ebbe7-b16b-4f33-8e3d-058d4d62a73a,621,14.836327285587023,44.74561135254845,82.09734324286273,10
6ae1e5c2-01b1-495a-a5a3-693ecca454ba,758,36.23986484192541,89.43511601043802,80.69547282867225,4
1f954595-864e-4b6c-b7db-56dc93b413f4,319,12.30283258390491,67.0818182407804,97.96756671954066,0
5929c061-e842-4baa-8d16-04f89a6508e7,887,75.7903251487708,12.243193176642151,68.68712323015902,7
a8b56968-2ba0-4486-bc09-9a609a894f1c,721,27.80391908703293,36.21560921225581,38.50687040679799,1
e855e70e-479b-49ae-a4a6-b82a35440331,971,90.01149507786833,17.846177746478908,68.79230510551665,9
678314d2-f805-499c-8779-549d5e9ad0e8,41,10.417177436207917,23.656315376472435,13.040566076804772,2
6e56544e-1203-4800-9319-5060e453b4b5,957,47.61219584031333,98.14361797974964,92.34016782993102,0
a4af0ebf-ee17-4178-9232-da65e8deab06,158,24.17914535201284,68.55303113118786,54.48331526595843,10
1c3a461a-43f3-4c9d-8861-80a8c292b504,898,0.4077278181592869,79.37264343951341,74.58831286792163,9
02b70239-bda2-4f00-aac6-2064526be5ad,408,80.8559277123133,94.20615558190909,83.8870349281708,6
569c1ff4-4348-4582-a308-c0b51639a488,56,66.15359093164456,94.206572280161,48.006423525760745,3
c8711ac3-96bd-48ef-b4a7-f432e0e066bc,qbjc,42.77162458906225,24.77871261295791,15.53945924922856,3
5ecc9f88-77d7-413b-8cf4-44cdb358d61c,888,89.73269123417688,60.17870872524782,31.81335496782247,4
13712f0b-fdc0-4445-bbfe-92be5bb61d38,563,40.18711324258162,74.57907881221544,2.7334598038534885,2
dddc1d94-9bd5-4cac-b7e9-31f3cddabc11,ciUu,3.969171351307532,81.37677297979131,22.259837738738,2
7398b79d-5cf6-4673-92d2-70fc0127105a,424,55.10761127731526,17.534972999327113,8.425027912998384,7
21ce9a00-93a2-42e6-a17b-8a61316fae70,879,10.12008676833902,20.695737289023363,13.798994156809364,10
85089830-2c22-490f-8b87-51f5dae92a92,229,53.76431801676244,7.926707521837439,97.85842657795976,3
3fdc0db2-18bf-44f7-8ab7-c6f43052c3cc,nozK,31.045900895297585,88.9498254483026,1.3987429543299124,7
6472d162-9680-41ec-af64-ef4fa132ce1f,209,59.61504380500151,89.8088061095232,5.354642800962905,0
7a3c45f9-2baf-4e6f-aeea-946017130833,919,77.6765897914111,82.96475401988573,17.820442849855432,8
1224568a-586d-46a1-9ad1-77195057dfe8,916,42.596168088065255,1.8224360381305813,50.81491222917647,10
db853ddc-a9e2-4117-a040-4c5775084557,728,30.300905521343918,41.927419915427166,44.96969761821658,0
6bb31eee-2d50-4d2d-9803-1bfe2fdafe42,108,72.1920061137914,91.99381617760471,86.48872633758208,7
439c3ade-338e-4be1-97df-0bd3ecc877d5,906,54.73522314826288,62.424526795859926,35.64397584248093,0
9a713817-7a41-4295-aba0-6e41d3d7796d,561,16.432300036017345,69.20313950591786,24.522145551414678,3
e18d6ea1-b378-49ed-a755-737c604e82b5,awrr,74.31238042726243,97.49429704537611,32.98118356577675,0
e472cb95-a7d4-4373-9038-6e81d7a0fea8,136,99.62709697718014,93.26010096457344,81.7992573807225,9
5072eeb0-379f-45fc-9ce6-ad19ed499b47,990,0.3367937142593313,86.72532156816145,21.94704192620064,9
766e2ffd-6164-49fb-b454-42ee2e70dea6,945,76.92997531044495,91.850835716178,39.7655879239265,1
0f34c507-ef19-4afa-96d3-66040dd89583,998,90.2937810005016,31.39222685372569,18.9014201559377,2
f8021c16-f01e-413f-bf93-4cc03a584782,451,91.34034345347442,79.56072969363053,76.66278241522141,6
5689234b-631e-47dd-930a-6850420b8960,546,21.15970433537553,86.58492154031543,15.710726911139206,6
b42b636e-4ba1-407d-bc05-663504e3814f,55,12.156232844325842,59.60567721348955,5.987170414799515,2
82c191eb-ca81-40a1-9794-9bf43084051b,216,4.741004609223776,23.068934252440577,53.78096005396736,10
5097f282-8540-46d2-9402-aa6ca2d5ac5c,710,83.37920787833465,48.2425769094539,86.00676657904962,4
e37d49dc-2334-4632-b15a-bd6953222dc7,720,37.41771750842935,61.97761556828376,50.05302865987093,1
5b50de2b-0deb-43d1-a13c-a41ac9a14a4d,nknf,68.7689311962132,82.5623019137456,34.62468212781686,8
4672f86d-8f0f-4214-839d-978144ed8076,460,30.87215430987975,85.19221190514,78.35593500037083,9
0679c8dc-3efa-4d76-aa1d-a35d0266267b,845,2.14855780412585,49.32572607033075,82.56790391197147,6
06320fa1-8e99-4a46-b127-6378efad0511,899,72.67485960162375,40.7790024671418,25.228626198175263,2
2540f72f-baf8-4c08-b116-52696b727a5c,389,62.55632144946666,76.75372375766275,83.2508432302833,1
144cdeeb-e8ba-419b-a0d6-c3a48ec19741,957,75.13347634607457,43.81218007445307,97.9326844973955,2
aa050601-10d1-42f7-a02f-dbf19bba60ba,645,2.4536570098360637,5.377996434622146,53.30655354096724,5
0f5cbe7d-5300-4bba-9cb6-93fb6c6a80e6,700,62.02730245363344,56.93389034052949,40.93039043545176,7
f0964ef3-c7da-476f-a554-18f380d1608b,slai,65.80952545758728,75.43489452072784,62.7470813297332,9
8574468f-1779-404e-88f2-44ca7d029b80,946,82.1224603726386,74.92937759296984,16.10370323901229,8
92de3689-2d45-409a-8d86-7b84ab54ea4c,30,90.98120089435756,35.212753670809626,72.99331099804112,2
ea6ad75c-e751-43e2-b956-34a1f28daca3,983,39.44634771103178,71.93573571686547,68.07273932284156,3
ad1f3e0b-0dd1-4c73-8c2b-34a14bfd84d3,mvwn,37.50230495625044,68.33344579170108,28.242898623516044,2
8d20fdbe-684a-4401-883b-3914800ca930,361,18.675195053012597,61.26036731795868,20.4610981677272,5
9029cfc6-aa91-40e9-92a9-02e28c8bf7f9,669,93.61755677414132,38.05342922746336,83.7878054462482,4
0b6371a6-6ce8-4074-b36a-a99c4604884c,735,27.814617740706726,95.92013167088474,55.92338156026453,6
d779752f-c495-44b2-aaef-db91a643143e,ndJx,85.8597245101369,82.18217289375998,61.71595029393369,1
c53cd952-945f-4be4-812a-2ab9624826b3,686,29.55203683626536,76.60309776857594,98.26250131143108,7
ccd55461-b7dc-4e93-95d6-94089a8145b8,398,58.6810210990574,58.83705649581255,59.91714654750162,6
74b6701e-a8e8-4025-89c5-a1aa78cf6502,765,73.56966217083388,72.14427742249,67.52762893896362,9
ac1c6a0a-f478-49d2-a4e2-5c12f04b4d04,670,48.81132808415416,2.482821251858758,78.65057892047122,3
fade6a30-3895-4914-aba2-a9b064d6b107,nngo,84.63382242148431,62.146490650896204,73.44595484012085,4
c7be7bfc-bb9b-4d1d-a29f-703b3a89bb5b,hsgh,82.69406616066775,28.12282916667545,65.34009365090964,6
102ad1d7-86d9-4be2-b043-7d6c383ccc4b,130,49.36803943701848,52.58617391115431,48.32408424711146,3
9db033e5-7075-4a18-8121-374d3f8683cb,239,17.986202298446152,73.67190561725816,29.42425663757325,9
f691f037-5021-42b0-bfe4-0f6943df6cbd,588,85.79948000699676,27.20333568478165,96.89528947428973,0
62350f44-06e2-4a35-8e3c-5c14705a0949,311,33.41767520763457,35.777499735886295,94.6185321806484,5
ca601744-7b2a-44af-8f9e-c923c60c1497,QADp,79.3627656352925,87.70263237016455,13.059439748014157,7
d6f7f0b3-26a9-407f-bfe2-be203f6ff164,157,71.8476056890404,53.02666767817846,39.877470508754456,7
5c242d83-b2fb-47b5-ae18-98e8d7b48c4c,880,56.07668527548236,33.69068261726399,38.92855784535701,8
637fad87-9413-40e4-af17-0d5f02d57d9b,480,24.34759719284767,84.39518781045503,44.07373657466099,3
d3edbef7-7631-45ab-8dc0-68fe3a7e6710,546,41.5345158493219,70.62664532827736,0.6716027414689907,6
b45b0dbd-7022-45ab-b162-1c56f83b013c,735,29.3197477405714,53.45879206451144,76.9525641296119,3
d9a84737-7cc8-4e8a-82a5-07804a255b16,437,96.22610927028065,87.17391610013465,34.433659153661026,4
57b5465a-72c7-444d-8c6e-0fa2078a739d,423,26.871193939979165,56.60541414730839,96.25048716066094,5
dcfae81b-2a60-4ca0-ab8b-18d1dc17392b,794,96.0774059380929,16.497417969909854,85.30783894556816,1
