id,size,speed,axis_ANGLE
be2ed15b-6aaa-4809-9d1b-ec43366e1aa9,fttE,37.805457912846464,39.9666064255844
0f5fb4b1-22b4-4c3c-857c-7a959dc7dff2,228,14.035472111420644,36.3320789560501
4ba455b3-0865-4d95-a716-45c01f2e86cd,144,57.2629207766624,23.963538172381416
ccf75bc3-ece1-4eac-928b-73927cf316d6,904,22.26416072902967,57.48287540229382
9efd73cc-e181-4160-a290-52edb3a5a4d9,192,62.93533870145056,96.86797338623349
3f501e62-1ac5-4466-90dd-2a5adca3ba05,ggda,4.991839447526269,81.01741116634618
a9fa7fc6-efd8-4e29-a997-8d3b35239381,hfgg,2.685831359568658,49.03486927389
030c82c8-6b80-40ad-8e1e-1ef54f60f0d0,dihe,9.11217136766307,65.2037427580419
86c8c51a-9131-491d-bfa2-79de04d5ec6a,sfeb,77.92435440408002,80.81745681895991
23873a04-aaf4-4053-bf8c-06f65e80d7ff,543,38.78142486790427,12.534055163775326
d6afe176-294c-4c22-8e81-98c0d46cc94e,49,15.03089264411649,8.341575915149857
9738ac1a-1fba-4338-b8da-450b917f0ad0,475,19.249339709331725,79.7275736392962
088516ed-3619-4a0e-b550-036a042e8309,602,21.295748184658624,98.63379584566064
7df107ed-a76c-442d-a32e-1bcd32b71215,Xtnn,83.26415670651126,28.135276563915657
f1fc95fe-776e-4221-9520-ad25450cfc68,314,48.47356803347292,29.92543840884728
bb2e1865-4a0d-448b-80a6-ab79aee40944,rofl,25.417832422667814,33.95233214218211
3a73c035-2f5d-4365-803e-e92348d2f4dc,271,53.05170081568286,87.67871750869791
a1291322-312b-4ba9-a49e-7751c9a6ca88,247,22.99522791744744,91.9099278096358
71a3851a-407d-4b21-ae46-546b232b30e7,406,36.378549586909806,78.48098205216687
b44a059e-52da-4692-911f-a7e0bd6f705e,894,19.604873248033005,72.80153212115452
6f0da4bf-cfb1-4c44-8c1f-86dc4e9dfd06,766,1.6518760904336016,61.79416734192056
04c6e3fe-1bb6-44b1-9c37-94bb44f152b5,tsam,90.62521366064354,82.1003366451986
0e143dc8-0ba5-49b9-bd15-100caabee83f,282,57.19388358283276,70.56044316481544
b277df8c-4b60-4c93-8b2e-051900d69315,Oycw,93.01567030494444,85.62516216723508
72add661-87a2-4864-8c5e-e9a6b4bc90c6,975,97.46143809878932,79.2291004485994
95cb7679-7ef1-498d-9ab6-8fee451e0901,156,9.28663184341386,44.786962585312885
845427e6-289b-4172-8667-46d52c1bea75,lmbp,84.52822925172107,12.420188251136556
c0a2e0cb-6b5b-4fbc-b29c-b898ae98fab0,88,39.95533458935768,30.646997468524194
871fa63d-cafd-472e-9f81-f772e45d5210,flWq,37.447152715196175,59.24413250374492
e5cf1098-e106-417d-92a8-fb976cbac084,211,50.9612574516125,97.66739510512468
840cb57f-778c-4f76-aff4-83b4574b3ad1,yvjq,99.54992971176704,42.18788041485737
90e112a3-2249-43e2-9554-fbecb9d5197b,763,63.97565592375564,41.012047702343565
44c85cfb-9a3c-4a26-9af0-f0be1c23c9ec,598,58.31294830302248,51.60048008257132
9a4e4a6f-fc1b-4a74-87b2-931e04b3410c,351,84.40542267860226,59.61577385912108
4584a095-1f50-4684-a8ea-fe17538b9a85,141,44.266568743546365,4.906975936262603
3f9bf74e-049c-42a2-b7af-184e3cb6bb24,453,94.58205806793288,16.988649889098074
9032ef5f-2a83-4502-9a17-89cf4b0fb08c,127,9.050366638636689,36.32970706320929
4334af6d-ab74-4e4c-8994-4c1defb182b3,272,57.12791576055915,15.718377771865663
623d705a-2fba-42c6-a48b-32eab90ec009,658,91.70501714838522,59.75320332709736
fc57e402-b07c-40b7-8902-d9d6e2cb69e8,639,70.35681829136594,25.122369549701485
96913024-74e4-4fba-9a74-585f4589d2d1,wsiU,84.37158771993299,95.78589943575076
1a542c60-1bf8-4e92-99f8-36de7f0d59c4,546,70.81698889478876,62.859417699539975
a74c5e04-64fc-4363-94e9-cd4ab5d15724,441,46.1074556897408,51.46761086606787
ac9b628c-957e-452b-93d1-869f22be2846,653,47.54381903969605,83.34533740553296
ca32c02b-89d4-419d-b54a-af40d1576a3f,539,70.43464984067091,75.41884510924987
481f9112-0670-49cb-8d63-49a7346c2254,Ttlj,76.78329385418448,61.64637287727391
08bc4fa7-53a6-45a7-a3e8-345fb2812b22,661,21.65749071673302,41.98967810430916
3e86fe4c-be2e-4ec8-b27d-634846547aca,572,24.680210994246544,84.0115569397367
fd8f68bb-42b3-455a-b376-e33d0d01b9e2,939,55.04939527432931,11.70717677035913
fde1342e-13f0-475e-8e49-f80f0ade6a5e,788,51.65778343004849,79.52362183085415
2742f046-f5a5-4f36-9122-2b7d42463ad9,275,2.5301094441811167,40.03954969079421
f2d5d6cf-063e-4633-99c0-336541b9f62e,221,21.944676228666548,86.50585291315507
4f25464b-2cd5-474f-997b-d5943013f8d0,810,82.13386929261128,2.9672219020432378
3a7457ef-80b2-471f-a9cb-f5774f79a6ed,qjjg,45.91849088446989,5.120183907827802
515f94d8-9b16-419c-aa14-eb54ca419868,iqsz,89.34804775240292,39.61279511108381
9ae72959-bd82-450c-877c-9588ccaa057f,bksj,12.230338940327346,19.737221346337385
780e5f13-b87b-4789-8739-81f243f32d8c,662,77.64589611844744,93.91286082765087
3708e22a-f5a0-4d55-b416-b7f7309f6e96,580,79.62075811151446,72.52247456929439
6337c8f1-8427-4fae-b88d-e6e0180ff7b1,485,39.25878371957783,30.29791666286633
a2c32ff5-3728-4570-9942-4f364536e8f3,98,88.73865422377601,29.98411973308215
68514cbb-44b5-45a5-98a3-48d244dcbbd8,672,33.29433971165261,64.14611634122052
3a126c8f-31ed-4e4f-bf4b-3cfac57bcd10,qpon,55.03290994965474,70.88295942521466
161ff145-4042-4322-9d82-fe48f96409f5,khdu,19.829769906207574,67.9098429601155
043fdb30-ffaa-4cb9-b492-7e71a65e509a,577,46.278023011048056,14.250029913722162
1854dcd4-fd84-4d9b-a11b-5b78706167fd,605,47.86218371333981,44.995370162883695
f17ea679-7774-4efc-95ac-73cdfe1e4c75,647,19.06790296492523,43.42833858264944
35603200-5efc-497d-ac62-d94ccd198634,173,5.328190391966892,62.01926644954013
073e8685-ee5b-4baf-88b3-b48be58438d2,,55.00703485875825,12.11843814823057
334f9baa-5d27-4687-a661-c5061262a674,rPou,84.49926788788869,20.529075589792576
29bf4b41-e3ae-4901-bf79-2ded6419aa26,637,76.64868301859792,84.14893287441159
654d8f49-831b-4a18-ac67-78ed127cccee,benb,67.5567013859627,65.97619109334123
3d5990d7-7aa7-4819-93a4-b43280b7334b,63,42.54335129580834,39.631869918639154
fd61ac58-bafa-4c16-85d9-e81bc0f7f7b3,660,78.05901698722512,31.32428111744614
59ee722f-73fa-435b-bbca-9cc6dcff4aa7,cfOg,79.42345379295269,21.8849199809263
01e0d06d-09f1-4b31-8be9-c3eb0999656c,858,1.9008471551783312,1.968290201768197
0dac252e-9cab-4d5f-9386-94dfa8af10f9,150,30.92264475469354,42.61392679169691
2e42b756-dfd2-46b6-8500-7579005721ef,723,45.02960286380576,32.26611130459054
5e5e8f9a-9a9d-4f20-a97c-6802d4b7d623,dpmw,64.73506228781002,86.80922118571216
238fb419-bfa8-47f9-9bcf-34bca321fe80,835,76.16107210857933,7.2346961658236175
ff4eec01-1d6a-4086-b3cd-e0790dfa6771,dxxs,27.373077352886355,59.922175091306016
85bb7f0d-491a-4e64-93b4-d06571ff1b60,687,3.081367633828014,59.66665420358152
0a762a44-0369-4e34-a63c-f622e9b0e772,booj,95.14370717593188,9.03261479265134
c1fb72a1-9b33-4a34-822c-1cd10f2e10d4,935,3.8604051749813295,85.27515124305665
a73ddc8f-2b5e-4765-9ebd-31fd6fa37eb5,435,39.963990792834345,22.726327903436417
e1d54d3f-1132-4e0a-bc01-05fc35c433e8,105,70.3853905894238,87.97322950785926
30206958-56fd-4880-9bb5-cc53223f0967,669,76.22999281544439,45.56555313740552
d07e6ad9-a8d1-401c-a83a-ae10b3fd862c,48,14.869839255683882,2.1248928433768355
68ceb1c9-f016-4ca5-bf46-f079d1900598,21,42.26967286826321,57.590870948475725
7860839c-db9d-45c1-859f-4b5ba1fbf462,312,8.23822487419662,70.18499353193648
670527b9-76bf-47e1-a926-adddd9970372,885,12.101175674799848,27.610766608459517
8d2069f2-9539-4f0d-9cdd-f06682ac394c,828,12.098259453506744,90.5049696600258
dcb668dd-8f3d-469e-965d-ca368b5b26ca,704,42.69181896569005,83.81115176358861
f9fa75e9-7797-4c48-b3cd-c9c1f6ad5e19,333,26.049109900963,16.95560739242603
df4fb469-6da8-4bee-afe7-aa2596c37569,112,81.39782206540654,55.85147179979734
f84a3454-8c12-4f27-baee-6b57dc512902,835,97.62633342070176,39.24021394731662
57fd80b1-24f7-47bf-93ab-d2a089570957,976,17.602366270301275,18.721851897743434
86666470-8234-472f-8433-f671f731c368,481,40.459584130610935,37.33690394874566
090afb19-9350-46ab-ae9f-e27eb062d611,626,12.94357147539591,33.39344072465762
6fed6d32-181e-4de2-a4a6-7b872258a349,706,89.55046794866216,37.03678539630639
6afdaa5e-47a9-4fe4-9ad2-e8186266b5b7,979,4.364883035019263,10.752556679338564
16a8fe9f-2643-411e-b6f3-f7157cfa0f1d,127,16.959207893890348,26.192178000418
597275df-6d7b-461e-807c-524900229a5f,342,99.77025528153786,3.47862603003094
fb295c37-192b-466d-b1e4-36c3127f9388,183,38.32768425159476,67.14452329789069
26e537fb-eba5-404c-b611-11d7d894bfe7,553,29.325290186125663,54.63101613573602
a07cb622-b782-4e0e-9198-588da3770f53,633,24.795814537125736,19.94470686442756
0e176aec-4db3-48ad-a7bb-03b1a6658fd8,kzFi,21.413532845778217,41.67676039154888
ecbb21ef-71e7-4dca-a245-8d2bc645bb14,542,63.86280767893836,77.81737371063207
00a452c4-6535-4d97-8596-09388606f59a,405,90.2162928158747,28.13841663299393
fa71d0b0-e950-450c-97e6-14027390d227,Rkpu,1.6231250745879278,16.547262727956923
7384f9e4-1aa9-481d-848b-d17310753e65,839,20.2131177765408,18.65081587034475
26599c51-b018-48bd-a927-0e66aa59d295,ajbx,74.07004466710796,57.91032647234567
0bf216b3-2195-4bca-b357-097891ff9e9d,31,3.3512891213059115,75.04957260063976
eb3fbf4a-4853-4844-962e-df2b2767833d,496,10.984901135392525,12.967012834796275
3329618b-92f2-4dea-af75-6df8866db343,237,93.13135834811835,17.672603758077898
23e8c8a7-7155-45e8-929b-b7dfc8db4f32,54,68.89462625057064,39.48257442762272
b873fa02-2231-4237-9884-97e57c4d678d,756,29.95197982054365,9.36849779247918
fd49765e-e5a5-4cad-8e4f-efe8343bb762,209,33.386347530902135,69.91880819004238
1565101c-6d61-46dd-a1f8-54f60599bb17,830,65.53859801243095,37.67745182777193
a2d3adff-b1cb-499c-8eb2-2f002b1d84b8,637,29.53788411525894,72.6316394526288
5134cfd3-826b-4d9b-bc22-b2080275abdd,39,60.33158590328824,13.788703795984391
75b609cc-1ceb-4ec9-991b-962f6bd17b2f,407,1.12439310183996,89.23601919723659
abcffb19-8904-4317-9e10-42a6300c7c38,323,96.83594512028972,10.733655139857955
fbbde763-8585-405d-a3a8-62f75566f8ce,kwsu,0.2229248898468205,33.61548345574723
0a4da770-cfd9-4c80-a290-2ef20afd22f7,486,66.33523179982662,65.36844711628027
13073311-ad5a-483e-9654-11c344b01f02,856,42.49447779791999,4.9753680463446415
00156262-945a-4fb7-875a-386819acf4b3,255,59.61059877096475,82.17726885541425
02e6796e-a831-4a5d-81a3-f8d4b34c9158,oaav,48.36074089731893,12.030635410916425
c8c9e335-2cf7-41bd-993b-9d25c06fec44,559,16.880782294327368,51.58837679574927
f8a79d59-d392-494d-a3a0-efe9b5f4fcfd,u,29.586078465885542,99.14057502724162
b070e1eb-ccab-43e2-ab40-91634e96ab4b,404,62.07731432426223,26.557666602585535
50c953ca-3873-416b-9b94-8ebba707efbd,Cgeo,77.97503663672725,63.27910188234649
d7ee854e-1fad-4590-b2c9-ba72b39fc9d1,vrpM,28.425743749809072,73.57955012345366
7f748140-dc2c-4c57-a1b9-4187079b8142,703,97.6916948450058,64.34168794095409
99c0629c-5927-43b7-aaab-d9ed9beded04,190,34.13088403307748,17.897493768186568
f6ef30ca-c352-4ec6-a111-4838dc37a9ea,460,16.093666166044972,82.69928766505414
cf53c510-e60d-4277-83ea-9cb4bdc5c8d8,702,11.669272438764224,97.95428034311996
b84e0a29-f827-4829-abd6-ff65dff66bfd,395,52.5524836565043,15.004313445268924
d9c587b0-d0c5-4df6-bee5-d2aeec052663,627,47.29681902626095,20.956455130910467
62c5ab14-ecfc-4e7d-884e-dd3409d2f46c,381,30.714983080596117,33.19490152759747
0eb48a89-6111-4ac3-81f3-f559a0e63787,peut,39.81906747056557,49.11441320193502
bb1d52d7-a816-4043-aecc-2fa70a241cf3,474,81.27626843449264,86.54590364668906
289fa777-7525-4c53-9f82-e541622b24a9,nqpl,33.62980162589195,27.259962375784557
93b63584-79c9-497b-a0a6-2be353aa71f8,137,49.72519944974911,98.2674044585251
bf1aa858-62e7-42f3-81b5-05181e01c3b6,850,98.17423592498746,59.33022951319109
1778427a-2bc7-4b84-ad44-50edc1a8ae65,976,80.58536857914699,50.87677949668499
95d5e0b4-8276-482a-aff3-7c87de56e3c8,673,85.48582586292078,48.93682948897823
34cf9845-9115-4591-93b5-062a7d6a3094,763,97.96982114402071,32.20572749998637
bb07f20d-983b-4348-b58d-e3d6c5dd72bb,854,0.1236897029733286,69.00784294588922
c9e8bced-a065-43a0-96ef-d1ae45628765,787,39.29267793134039,34.355954244577944
3a92a5ac-1f25-4f8f-9fe7-07179691b6b2,942,78.81238454202133,83.21029943290834
7d965b78-797d-4eb3-818f-26a9b08048f2,107,4.725164769337509,65.36605879656227
6db482b0-fe7c-41cc-bf9b-64c7a0863f19,704,78.8938904205512,38.58303437929761
e87d5f00-74b1-4461-90c7-3ac98b37fa23,130,1.191125692230366,48.47561231701216
f0ded6e1-1bb2-46f6-b5c3-2be1051bc1e3,vmwa,77.51311747691697,55.14593331360187
82b64735-5a24-4fbf-9e09-9380f210d567,867,55.768127310884665,22.374800144388285
ae49427c-6ab4-4df1-ad68-cb366f7a7d3d,cqed,55.58189034511546,19.14983164841034
b15930f7-4a1d-4b26-a41c-4e77e7e51a96,29,70.04365118470012,92.49576807992808
80206501-559d-43e9-acbd-7cafda9e618d,550,25.708479754774217,59.27673754954438
7703846e-594d-4c5e-8bcd-d7f0f572288d,991,73.83180090926821,7.377934539011221
3cc95922-89b8-46cc-988e-c0dc0c6655a9,232,24.716126001805826,14.97806237466699
ab84ef94-b193-4af8-a1f7-465cfa342e94,685,55.94567719549822,16.96564653982162
32741b73-4588-4162-89c6-4ddaea01f43c,288,95.14616763628472,10.675844118800292
3cd646de-5ccd-49d1-bd2b-c70ae6ebbb1d,692,4.780831062767044,37.65258804601608
743ff8e8-9053-48c9-bbf8-3a442088a32b,146,19.89263081817294,0.8700697961462445
3184b381-1aa1-4ce9-b6b6-2e546ba15289,966,99.352882635242,96.84435578699951
2c7d59d8-4083-41eb-a330-8c5f23fa4987,eiwc,46.03987499562477,33.274268538098575
7617a1e2-f575-4495-85f9-83255b8a0cd3,547,37.18358146800558,29.000371063381703
7dfb65c4-9655-4248-b5f0-ad8636280f9a,340,86.86235432135157,10.4404841798297
55ae536d-b8c8-42b3-95a9-8cc8071af5a0,903,61.88056098561031,43.80330905379418
3917278b-245b-41fa-b680-2661258a42a3,808,61.99715865888376,80.18251586977658
5aeb4ee1-924a-42d8-91cb-a19d81d490a9,zcdb,60.36330534240422,97.87445551099636
986751b5-a8d2-46b6-b9f4-803b13e36daf,280,95.85356067541882,69.86653925031939
5545dd84-176f-4a11-823a-ab652c20082b,760,42.9064831297312,94.72819787918856
9d89d005-6095-4b18-a5ab-b0ab607c3071,795,5.135528955846902,50.09652682891473
9af07c05-9df3-4092-a559-3026ff66ca7e,120,20.540622989415603,85.31317025689177
feda6947-6cb5-48db-b65a-adc09305be9a,50,78.15018257618036,54.38269199290288
b1371e5c-c1eb-4086-977d-0e799103ac1f,402,44.49411775309915,3.686954103384388
12d9bf3b-1bd2-492e-8dc8-270dfe21b234,898,14.529584446549736,92.9960062378436
bb49fce4-accb-451b-a62f-c39d5e1a6ecb,439,15.114385294351615,37.595241653428026
d05139a8-165b-422a-9816-ae6ef549b9b7,16,15.310133003071636,3.456970853075048
24507b88-ec4e-4778-97c3-2c5c71907d85,bpru,88.92972270193678,45.43115220475226
e40a16dd-8f43-47dd-b3a8-3a57ae4460a8,978,25.74550578669702,49.444374876314846
e6892669-4111-49f4-8409-1f27210cc92c,1,34.21977044196256,13.084047076643104
f79ea864-ef65-4e25-bbd5-cd6d8de4b2e0,911,46.91691013308468,92.88149384363344
82cea7fd-6718-409b-8931-42688c63a5f8,403,78.24875914128488,95.18732839498765
0f4b0496-373c-4432-83f4-f49ed6ed4163,862,96.54384241755558,4.87492583092024
c0c681bc-7754-4b3a-950e-18ba3e50c0d3,29,95.5004449125176,39.27577114294289
816a421e-cebe-4492-ba5c-9394e69ff765,574,79.3094855259202,1.422888059078764
4cee9849-f261-4a17-8848-25c00e07420b,Prhx,63.632589520639456,91.38096080165649
e89f2562-b306-41f9-8865-4e634a0ce648,639,49.82132306446555,35.10863115680159
ec4c4bce-1fd4-4805-be14-d09e4ba0f6f0,835,56.38732310487599,9.302077532584963
c6875447-2ed3-4295-812d-8ae16865f510,qhju,67.31654407985872,3.6904192768903674
72ff1207-7b04-4734-887b-355a3feea9db,298,52.58119211524278,66.18256583128161
a1eca142-4176-47d5-b6c2-3ca79585b9df,923,1.895651902658868,40.39117186068296
c6e968ca-503f-4aa4-b522-362e83d6a7e5,985,53.06835458307597,15.391628918716217
06c5733e-5495-45fa-a498-d7046604d742,250,6.498134690806556,80.41973562286611
ce35d211-c67b-4f2c-bdda-ef679ecf1543,627,41.95260838200129,25.341683466802166
87b8fdfe-2133-4f6c-96d4-8bb174732748,500,86.32876227051699,3.951157770811986
f1614843-ba36-496e-be54-528c7835c55f,295,47.26247712204793,56.14691351447861
5259eea2-7c7b-41d4-b7ca-b16e19536d50,224,40.99196859701867,50.731721820934
212affa3-8c4c-4e2f-a40a-4155a3c4a550,161,47.8178149743449,91.39309897209952
0e144d48-1219-4a16-a0ab-8917ac8a1ca3,10,62.348111941726906,59.29846602498469
90f3b590-2229-4648-85e3-9cc3d04d2785,218,30.96012798900062,43.97242638532
5aa2e5b6-2986-40d3-910c-6530303bf5fb,75,11.97893231318985,36.64496040273561
d06951f5-c2c5-4030-afb2-b2150ef8e7e7,999,21.311749377723576,0.4847119536838251
fb6d5de2-b416-43c7-adb6-a9586e31c621,43,69.85123566349556,98.10515307102644
fef70aeb-df63-4607-9489-7b41e5e9d158,291,30.83473937151363,22.530975535016584
a12549d9-71a2-4920-8ef8-b9c97429eb6b,196,57.933741463959855,82.27030470749033
04913132-fdf3-4ed3-81de-f0e13b14efe9,527,22.5387682037336,76.83686254506587
2b183070-8b1e-48d8-bc00-c51a93c63d4e,889,23.099298774658827,4.744133543934471
ff1cf9a1-7711-41e4-9aeb-ec8515f38119,Gqhx,81.78931933450477,58.95329056217342
0e70b688-55ab-417d-bf1f-24276028d913,77,48.25127239809098,24.68082910071283
34de63b0-9b54-4751-a2a8-29832c599d22,871,21.618580584361347,50.89135980374391
2909c0b7-d754-4119-959a-f8b1c451785b,638,7.537042102416402,8.474254095638234
7ea8c492-f9ff-43b5-992c-ae3c2a7af56a,919,5.416085114256564,99.39985093191828
fda35db3-7880-4d36-851b-4863cf02a0a2,411,50.77208998498304,17.43418134772652
175f6f0a-0eec-416d-8bc9-2bd8387e6e5a,680,10.69143305846093,83.96508123154622
f6aa09ca-115c-454a-bc1c-3f92d07ad963,297,79.98298089213714,29.872510529797434
af53974b-cbbd-43bb-b7b0-6a1eb680f48e,374,14.095117900121256,53.67472982587328
5e81e334-aaf3-4bb2-9939-be742b9b0ec8,409,73.92490810003639,50.768183670804
fe8d3156-f225-4ebd-a701-be9d8860ffa5,hgid,52.39752197469648,2.914957914215255
2b6b374f-09f3-4aab-97b6-51690e89f252,495,95.56440976944228,71.56800527632899
4904cc54-e8cf-4ec9-86db-986d9d8a9774,391,28.457034735926868,19.083625441228712
5db91697-ab5a-46a9-98ca-ebd1d9635e21,611,64.56516199432443,77.56080074873067
c7a911ef-ed46-4f1b-bdce-fb5a6668d762,leld,15.166512685650767,24.74571925877047
a054a0d2-a5d0-4171-9977-fcd5a4963a47,693,33.16921105997247,1.7693990280955083
c25501ab-fd6a-4805-b8ec-b17f707a9c2d,498,5.39266751125388,74.69654066785199
88753a71-c3f7-4615-8181-f20e83cd4de4,dfjf,65.2501271181934,10.588826141528171
17d283db-1ace-4934-8cfe-be0840d900c3,412,41.44678039972752,69.69034510160954
a4ec7aae-d9b0-42ec-9e07-cd956276684f,253,83.62368881290561,73.59117337435721
8cc4829d-e0a0-417a-b5a6-5419264b6d04,804,53.28051363354943,76.21079289836074
50534c88-0fd0-4148-bd55-803ea3c42df3,318,41.10602329536097,88.33112337204466
d0f705a8-11db-4cce-878f-00b5fd7c1ec4,759,47.31688019415119,22.719429754549083
71e64c2e-092f-4717-a49f-865df6fec1ca,281,16.041697484313623,62.98699194979148
52cbfbdf-8660-4aba-9299-6c8e40b152be,42,50.03811819154488,12.384188389590456
98bcfe16-5d09-4ab7-9030-6cbf09785957,930,79.59409179435173,26.31168440035524
a9eaaaa7-97e0-49a9-8fbe-e9e7edb702ca,145,57.34390429198268,4.311243722292934
f604343d-fbff-4194-aa1c-a75c1062b9b3,443,93.7715165023022,81.02725312834622
8ae49afa-4408-4198-869e-d6ef1a9889e7,327,72.13585862884388,7.510476697100277
3739376f-0c79-4a32-9ee6-58885e4d43e9,889,58.0123502057661,20.79035250601844
24eb9c6c-dbd4-4bed-8c7f-1c2948dfd549,776,55.3460748338656,32.708284542446165
27ebf0de-7d64-45d1-b38b-091e08332318,185,98.7579717977618,58.239743705396485
6df14fc8-1c90-4deb-86f6-340fe5c4af6d,61,2.538242510782862,64.21484729712793
4da6bb49-c675-4b86-990a-c9302a6d6659,tbzZ,80.35206586058791,77.98158445422195
6f59c6b2-3ed1-4001-94b1-0eac6139ccd9,424,99.18109112220348,30.538725484596075
258f1a3e-d42c-4d81-bea7-7e6f9b09d2b7,445,58.79997979612239,1.1498239611470784
87abfaa2-92e4-40c2-bf2b-13cd3f9ccdb3,438,74.59611169278818,52.82993775329049
f732897a-58c9-4dc4-9214-9cb57f1e533e,957,67.53817048869134,11.187080157053977
d7c10423-cb9a-4e5b-9b66-17b4a113d28e,641,47.40895135257486,42.52661627805344
1ac4cd55-7582-413f-b197-75afab9e0fb4,851,69.52828879062231,95.13286245653646
dee986d8-924a-4ae1-9be4-a28979848bb3,893,92.0061307105254,48.85736927277365
fc7d8999-fad8-43f6-95bd-3f002d2e463c,689,34.990009672563495,1.856723665942672
7802bf0d-d78b-42de-ab37-5499f9803783,7,29.35753230403155,52.51610772791823
55bb3fb8-2ea1-4f95-bfd9-0ba6f3fe6410,406,47.11352374926633,70.51880610027847
65441a0f-7f51-4ec7-a338-b36676c6e144,azap,22.202808449823877,23.36267039256296
a9ab5f34-3036-4273-a9ae-5dfdb745a971,360,69.15827295203019,41.12009829787788
1726a11d-bc2c-4f82-9ebe-b0039874a5a3,535,34.45275953413813,70.02802394254427
640bcbdc-9fc6-4a7b-a54a-fa8592c19723,svah,44.204050109879645,71.81267262012375
244e8af4-435b-41ba-a083-14ee7c9d0940,751,30.10745101151018,98.2667686760158
3de226b1-2f74-4a2a-9144-99782d1a37a0,481,73.36442478426449,88.77929072371751
67c8fdec-66ac-4c34-9765-1b71a5adbcc0,628,10.828326065429009,45.76501806314965
819a6436-cee1-4e38-a6b9-0365795307f3,814,27.05893026206216,64.47776333263873
89c6ddc6-7f3c-4af3-8eac-b5931b48e137,442,12.597811018712047,83.46232626105183
f8aa884b-0ce4-4671-ba77-c5fdbcda0587,edPf,69.77617327114194,89.24962139343303
1fc31a2d-49b8-492c-9f02-19b3154252dc,892,3.859506435550231,37.58214755099153
7b1d699b-7139-4062-aa69-ed932cbab091,757,71.55169149513331,19.313423402928688
6a8270b3-cc32-4ea0-ba12-452367e99ad3,210,81.14006380461339,19.13588645597465
03b13715-f18b-4622-816a-cfde2cd79a3a,340,4.576288956664865,14.86238288368238
d583af0c-d992-4c63-9571-80c2005856c9,oosN,90.82804520418534,27.591171564218097
c343088d-4a67-4683-854c-8cc4fe8dc79c,955,45.83113651466645,43.03483149276018
c84a99fd-ee4f-415c-98ea-04cebc4cdfe1,349,55.37370964103475,95.40170174181318
f03c77f3-1a30-4b45-8741-96d6d19d39d3,37,72.43232842725827,71.53988281428529
4b3de2c4-8a4b-4fb4-8e78-56cca595fc4f,fywr,60.10770864298044,16.301783515972822
ca824842-a900-4b1d-8bb5-6bea7a38459f,247,48.45474467330647,6.289055853895576
0d57f4aa-e948-4bae-9d62-e52e97304456,647,99.98887329493311,84.11475753309233
d6e49957-0d8d-458e-a5ad-b92a1c073e9e,898,5.70096707934008,13.320975058042384
f173f710-99a3-43ac-ae9a-8c205661a44c,364,62.640211417212655,43.75263219659522
96ca0b1e-8185-4545-a70b-cba75a138212,697,66.81618377397074,73.75066952781594
2e565871-ea07-4e1e-a591-c39055695030,245,75.41343217823314,71.13684399524384
c976f8bc-14bd-49ce-9fb6-d2e365a386ed,604,18.001389256210075,30.272561674967054
eb1f10e4-9439-407a-8933-8be079d545a5,548,35.127354471988134,32.21307226096549
97f219b3-2d37-4aec-baf0-970fd5d73ef8,278,65.62362255283296,24.66856968302702
00a60781-3137-43f8-a018-276bf184a03e,903,25.064559608366,76.5619615200815
e5c8b103-4d8f-4623-b595-01c1b5b60b23,670,34.82031455747093,38.8943924103064
fe750142-03d7-4947-935e-cd46cbfaded7,254,13.049206463397931,49.37797082643123
5085be34-fa55-4112-ba28-f3ede44b9aaa,300,43.58315950547581,90.76818446052086
1c421420-36b9-45ae-9262-d8c2c1759227,544,97.00403168415517,36.699159389908296
40f8f161-07fa-424b-9e34-a67198438b92,568,21.22194955417975,4.401278927449114
fc6ae843-f7cd-4324-be7d-28c8692cbd43,630,6.004924148095414,13.169019752808818
ef2d9f75-9f34-4cff-8501-89090342023f,577,7.345451833746253,6.952979442584784
3793fbb8-c27e-43df-924d-8907a1b0868c,660,10.304974387414331,42.92145750296216
38c2aed9-b912-449a-b7c5-20ec65b6cd56,945,58.72196908848088,21.88267808866985
55961d48-6766-4707-ae57-339ecec8f0b3,14,0.403101710454512,26.518300465586155
61b78def-31c8-46be-994e-31f8a0e363f6,706,56.71133632647928,64.10616547989835
ac73e765-d596-439b-b103-81054b8301c3,819,85.09213781712862,29.346916195109586
27aeb3ac-2eb6-4d4c-9e2e-776f3215e2c4,tkyp,39.13875798627304,81.62099114613218
50cd32e3-18a6-4f25-9114-1cbe4bff41aa,wuhn,11.6468893486536,57.321198726968326
18266c8c-b11e-4656-ad88-08b2faef5dc4,250,61.85385541718967,85.64089768553788
0ce94f2e-399b-474e-a3de-b99d4d14f5fc,141,82.09353611189397,49.13690285842777
75a95e46-5d6f-43ad-b003-589522b89861,xpjr,29.696633830917097,39.43164856425258
cb23169f-0496-49f7-9b7f-5ee959f64feb,edzp,77.74516849692725,80.52578464552012
564b5de9-8af7-4a35-8710-98a4eeebc606,600,21.437108603424655,53.69022411645123
e3191d93-c6b4-4d3c-85d0-6e4f124071c3,519,56.93736944379872,67.47124197242405
c76c03bd-4dce-4040-b043-0c05faf60338,qrwk,58.41618836069659,41.8709211493812
d4f9d517-2c20-4c37-a30d-d9f05e6510fd,728,30.71263670210227,94.40062167644372
ffea9691-6a5a-4c07-a0a0-678b0b1384de,1000,84.81131005551795,65.74915025135222
32a7a1ee-c1e8-471f-979e-8a0fa2cc34fe,11,3.714427707763424,85.51927953843875
99821ef8-d570-4559-bcf1-832ea177a8b1,243,10.657855316342513,80.00322392229864
c0b3c12e-f56e-4f9c-a499-78bda0435f58,456,4.325236561222267,99.86536126498012
6a624b70-48d9-442d-8eb4-1c2dd9684691,272,84.97362158472254,20.258518364683475
f612ea3e-93ac-4223-928e-79fbf398a9c7,e,35.418059076185585,9.261157272036913
f0d61f51-11fc-4469-bf02-574d7909e3b5,ggmw,39.232462579102965,44.12494276925436
8ad0c9b6-b4e3-46cc-add7-fc71774953fe,43,78.54299636696484,69.05996092845584
84a38ca8-62ea-4911-8f9f-a8fe831be33e,538,64.51640040828175,97.43391962624432
6bdb5707-44b8-4fd4-ba85-4b66c236cb0f,148,70.64705208382146,86.45386469283076
2a8a25ba-9863-4636-9199-18910924cf4e,221,20.45214014213825,3.9886133831646298
0a2eaf5d-9b86-464b-84b1-bcbe62c66ea0,233,89.77095122296042,54.90426395390631
da98f404-3087-42b1-b2d2-933a3c21612b,XntW,35.962071808511865,15.73061242139756
f2fcaf95-1621-4556-aab7-4cd9f35b6c71,baya,58.61374520706788,93.20533497866096
57e0ed6f-aba5-4818-87e7-2fc875efac04,666,33.4942794846848,25.276091421601237
27c51790-4505-46a4-ac80-c7968c3d954c,185,68.83743925095798,15.154064950789326
0d102d3f-bb00-479a-9b33-2b380438f7cf,418,12.944810453976762,94.16511835343478
5a44d7df-608c-43b8-b25a-894604321886,407,29.977302085402137,76.6892176193348
ade38364-58b5-41cf-ae9f-67ddbcda82fd,rjMk,20.682250039801172,33.15706022615316
97a66441-25b7-48ef-bfc6-a6952a305da5,lnhU,94.06715075446488,76.60732332621303
665e39f5-7421-4092-a02b-0b1c0033cc9c,390,57.480808840868725,39.64946976852931
0678a5b3-e1cd-43a8-a9dd-ebfd96689884,292,89.3613920014383,60.99811196163111
1af49d04-c948-4f6f-ba21-274fb6f1b905,939,60.85182812918397,29.086295826529973
c5579abe-8084-40c0-a086-b5f10ca73576,674,72.73572614635837,44.15958437423551
5e5953ca-e7b3-4c13-adc6-2eb0d2d9ed3d,yqns,54.9676549751084,93.82302693942508
f03c874d-1b7b-4ba6-9844-f7db85637d2e,740,45.68092075182604,34.04727421309865
1d870011-e11f-4eb7-8784-72bb9d6f7dcd,ukct,24.28956883307348,54.955715296341545
2cd51f3e-6c25-4ad9-80be-5960872e782d,692,30.16889184139687,24.28779962063131
4cb0272b-d15f-4319-942f-748dac6254dc,hsgh,58.96199377487328,80.39139889740765
1466057e-20b0-4fea-85d8-1203a308146f,100,94.0063289733754,49.14578433737983
c6571703-02be-4dae-9a6f-8813ab295de3,108,12.040335993426886,99.0721800099266
eb62b450-2918-4c97-a39f-1e76051226f1,,72.72714902510747,52.91117094469271
14441f67-fc88-4cb1-9103-4c51215565df,318,17.355855932823893,48.30209630171364
d8565f32-16b7-4067-a4ae-b6a89ad72998,956,24.81883030142665,69.92259907546804
55862962-1ca7-45a3-b89a-a9d407bd1bc0,tpbp,57.72320347626548,89.84273948233036
1bdc9638-87e8-40fa-a8ef-d62d56605966,epdk,44.6856657120571,93.42990103706887
37726991-13a6-42d9-915e-5a37e2f0e49f,679,63.08367440385956,52.249605845306654
7d13bc23-6089-4234-be24-bd441828e598,851,19.790563913679605,58.909458167961645
025f0e2a-8bb5-4a39-96f0-cdd9fe4dd6fb,862,24.547233721079,27.31480455593364
b940e1fc-e1a7-4e15-8afc-55888ea1c8c6,dRfv,73.093938733446,92.1733511998864
a02ee6c8-6ffc-4be6-97bf-070c83386161,javb,40.53830120083813,50.10503072342784
410191ec-c487-4e8a-96b2-a5ea8d3cbaca,72,39.44931298949054,42.57348770106215
dadc5cbc-3261-42b7-af62-e636ab3c654c,111,17.997513959335386,73.17968311989011
d4638744-fd8b-4b58-9074-513265a47bc7,96,73.1346080663296,15.6451639065731
9c64323e-38c2-4ce8-b03e-d52c51a905a7,337,73.24565178264908,52.1398847042523
aab01fd8-be13-4843-809c-6700d588b2d1,781,39.79876107848674,26.78290896234952
9d88e64c-3e41-42c6-9ca6-95a23604b629,rlup,45.89944301710174,13.882995495553752
7dc3ca3d-a5e1-4449-826c-985d369d5d8d,763,38.269221898424746,76.42611356565885
caaf8404-032c-4653-8dcb-f8300ac62ab8,856,80.260019610163,61.936838740951735
bcdcd389-3bd3-4ae9-8d3d-dd265c204da5,147,68.68157002234805,74.35952276847392
e1364550-5e9e-4891-8bda-7e5e0b01df4e,815,75.94109965175328,19.06900044981217
43445d9e-1ae4-4105-b7a0-03b1a1896b4d,6,41.13945432068977,56.26776289556715
9a633718-5be5-4e8d-9300-2c78932f4651,159,23.254478171001647,18.896358173975592
61d12a10-5617-4b5f-861a-65b096824bf1,788,37.84451019159725,5.807667985544884
3439ceb2-0539-4741-a570-5ab385a49d0e,872,5.7716058279607125,72.0094124067932
6e559a7f-e72c-4efc-94d3-be054d833f9b,686,11.004206299471477,76.28754893420718
7dcf0f3c-2210-42ab-8d14-a5d75bdab908,619,13.909469107240714,85.9343845101114
2c3346fc-e3ce-4853-8154-94fea9f3a076,730,1.6557659909253508,45.52971228278563
b70d6c6c-ecba-47b0-891f-87d100627e12,473,43.99189627048692,72.58128672628821
950fa547-af2b-4235-bd43-bbe9028bdd4a,307,52.7710347621843,66.88102637411185
c12e0f47-1729-4a24-8c07-0cd23b1659db,wtcl,62.11109631251362,8.480723225898545
200089a7-0538-43c3-b1be-bd1b104a04ac,483,17.292129657837474,56.369864859966576
76ad6f27-1877-4d5a-9b63-0c650c2d15e5,tsMb,90.28933916700342,83.41397290509586
ca463504-0b52-496e-bc55-d4be8842e75b,494,82.7464830822481,71.81479552452923
8df2fdce-46c7-47bb-92ff-df6bee8249e1,216,29.660378228560106,75.61217204964773
acdddc97-a841-4b5e-92aa-06dff7940baa,748,52.49769711366829,54.10603080884744
e02e4c48-0d96-4cae-a3f5-42632b274973,546,28.35059381013587,13.354527228665823
df20c59f-6552-4a72-ad88-e02d1e9ecc81,781,44.00063682793154,75.41720994737756
09156bfb-e858-4803-939b-96f4561db178,gceo,95.88901240838445,89.00430406004955
70aa0c06-4137-4824-92ae-982e897d7cff,452,58.712373341264936,31.51470901731865
c60a43fa-308c-43a0-86fc-12f60c30e721,138,31.592417992595667,80.49248317212825
1b521393-8e77-4253-b564-c4ea988068d2,277,39.09945231955152,46.38417520407807
9c61cfca-9ecf-4f7c-a4a0-0c8602f74f78,657,86.52419371898604,37.315952658039365
24b3f46d-b59d-4f20-a993-2a9f3e922f86,37,73.81943162817674,64.66054679673826
2430147f-6696-4b49-b451-2823b4ca7ec5,xgro,9.40334484279699,76.15823048795404
ed8a470b-b5eb-4a7b-849c-65abf0c14048,884,63.65511058551739,18.385451004531827
a173ae05-b962-476c-ba83-bf62351cf2ce,137,9.235270939826012,11.091029660627916
ba390296-6fd2-4ffa-9dc4-40d19329820b,552,71.63327773901764,88.33691430846753
283399ac-7dcf-4b1c-9600-a370f9068455,incl,34.06956068738881,70.0510141481139
3ceab125-0b7a-47fa-b59c-8efa4ec91066,830,26.875401633478766,3.816504593846193
3d1c00e9-cf1f-46d1-bb31-317ec205bd6d,31,39.65868087563599,73.74988698985389
a3726640-1317-422d-b054-64df41378946,423,50.75061150507274,92.72304486542014
d4066889-86bb-4bc3-9ece-b53e6feaa78a,zzmv,58.60124447429583,97.86835034269788
5f1f4255-a90e-400f-8554-5a03b03a059d,wuto,60.892128553745074,23.2387794669641
15d8b110-ac9d-4818-8c06-59a827f9004c,818,39.93773167384121,83.88987972964999
f249f4f7-0864-4afd-96fa-f130654e2813,beKy,78.08176415155036,14.641612900830124
377f7823-de1d-45ae-b88d-691e272da6d5,79,60.803992206489774,61.13892488578431
46c3c29b-aac8-4dbe-b15b-2fec67e0526c,KhmE,14.090759346325266,27.856816013782737
3a6dc900-561f-4ae8-93ad-5949e6af11a7,126,83.42565735004368,24.23724122855475
a628272b-a648-4e47-9c3a-934854b0572f,465,55.134039516622046,75.37602929399894
49d9c228-1fe3-4b9f-8b98-cdea05633a93,piir,48.78303045937642,24.02578409246152
2d111d3c-37e0-4b27-b20e-6a3040271208,opxh,85.37341797458117,9.171861192246734
ca98e4a1-2231-4e96-acc7-e05f70d70bb7,649,24.284885953179717,34.57728430116259
f5aeeaa6-9462-41fa-998e-cbaa9fc0ae96,903,18.61709153129847,25.55129591850085
389f7b43-bcbb-4e6e-b98b-87edc828a7ed,hahV,86.58895876427434,45.28464892989774
64c559bc-fad0-4628-931a-ec578b6a2428,789,22.88081056570671,24.634502717905693
97901069-b89f-4aab-a7fe-7bb56d034404,722,2.227401613651092,50.8037364278093
8b2f83b4-8f03-4514-b56a-39e9ff0db120,995,14.922327740003103,59.29999275431936
56318a60-af3c-469f-9fac-6d919db89a58,334,59.48450367635127,69.05133793504721
38db99cd-b764-4e73-aaeb-51a925c696b2,erlc,2.0469340576713013,4.435691907665396
25e18e44-68af-4f2a-9b75-f03e2880ba3e,561,40.37363436938701,27.184943921010884
ea6f384e-cfc8-449d-a654-caac3441142f,525,78.27028135913658,30.120936188146665
440c4afe-7b19-4f35-bfb4-f98537e8afe9,504,93.1041680644145,66.30556001765004
d5ca80f3-be16-4b95-bc4e-b11521ec4900,679,13.336214277599634,69.71269693222474
c39eb934-e8e5-49ff-bf3d-17c6c169d5c0,185,91.1000149375492,55.33312548803173
2ee61b74-4752-4032-91f6-75d454afa25a,927,29.37047705278473,96.48896909433483
4538b717-4da9-4bda-bfd6-589c14ded1a9,684,92.78817448584604,77.08512613107077
7a3636bc-2769-4ab4-8020-ef79347e80ba,196,80.57119901775762,56.03134055489618
9bad0efd-bcc0-4375-abe6-947fb9c4e60b,pwjy,93.3308268168329,66.76072750506124
03f2d62d-657a-435f-9736-fa957af1dad1,htzh,54.997204213144165,43.55108898489389
93eb11a4-ee89-487c-b6a4-bb84a3610b98,guqs,79.9337144726048,57.98669014885137
5bad6f75-8ab4-4d2d-becb-b481e0961ab0,297,32.95037819859743,11.375244138954056
6c9195c5-0ace-48d4-8e7f-589431531963,991,49.87143051135556,38.9692254118851
516a5866-0035-4762-8bda-ed35f1859551,uDie,7.540933611944434,4.580885873299511
c57039da-5540-4df3-9c3f-400371bc2611,476,37.2844527689891,36.39706755590117
012995cb-c067-4a7d-bbb6-f537a680a1d7,734,16.56685282448396,11.831544523864546
eb03ded8-c08c-46a9-b075-18cd60ec9215,174,91.8335544960772,97.81169686067832
0ecf86a5-63ea-4fac-9d89-5f47ceb6f592,467,37.47962605832216,50.92973140127442
745d6851-27c3-453f-8772-717320825f02,99,33.61032238821969,87.84892952471957
5d57b01e-9c51-4fd5-aa1e-98b9fee1b75b,944,64.49487958799816,76.38257939801223
50ed0391-8bf8-4dd7-a222-10e9d171b13c,699,6.924690745253392,11.821747250692916
89fc4a3f-8d7d-4f7f-83f1-04616b89da73,728,67.96667994280561,73.84440381639796
85bbf20a-0686-47a5-9067-69108832f893,554,62.13474806854471,16.100217700645146
fea912cc-bdfd-4f26-a718-14c354dcbd87,920,53.84546682458491,32.08841856251246
35cab3aa-ff84-4929-9e54-2d0827f3c99b,131,93.41129677812089,13.502369925779556
fd5d1156-c3ed-4fbd-b9ee-d50b9421c9d8,205,1.2591594185112576,39.58404344385045
26b3e639-1899-4c39-8bea-7c9f15bc9ef9,ymzc,68.01648739674306,30.246566376964847
35abda26-ad1b-47a3-9b11-6f2859b8dc6c,990,39.4897906722068,1.7955344837593643
c97a1e7d-b9ce-4437-bbb9-89a7a5017b0e,260,79.0296844674951,88.42696951875365
c3b2b8ee-841e-43e5-9911-ec2d8c8f4a55,388,63.39096261701794,52.494294327169634
baa95e84-0317-4da7-b4da-05e172f2ae0c,781,57.41016574355712,84.30012052372757
6d12fc7a-cecf-4e03-94f4-53e4238663c9,ypBJ,68.21139399426008,16.71314081244385
3aa83460-7f72-4161-b87e-299538863cd4,56,77.89046855526807,51.78366185830705
64359e3d-fb7d-4993-bb92-50dfd77105b2,596,66.69451398452203,62.55788059551845
2eeeaf83-db0b-46dd-bc5a-d505609d2f24,428,72.69478389784575,23.77136103568114
a91bd397-a3b1-4ece-821e-969a60da672b,93,74.56002083333223,89.62430508360431
18046c03-52aa-41d4-b0f4-ffb325206e56,788,19.224217233448535,81.18913466712793
892e97d9-3c05-4e8d-958c-a046ced2b354,969,88.74882491046075,72.602708616083
9c7e2502-2c4b-4d78-b886-75f7d34b4d7d,215,37.8830666981922,92.75775240463304
6e729c62-6154-4361-b93b-9f671f647004,116,93.65691665162927,95.68385393880602
e527a85d-3cac-4316-b18b-337ace87c7f8,807,32.15938701108474,64.56731519532487
38b3cb5b-3b1f-467e-a80f-931d4d7afe33,111,1.5204131247506636,1.5059399641264903
8b081090-de23-4c4f-8348-5890d6300614,749,25.61556292061593,54.54495516693277
fbd2a7c7-6b98-4b20-9735-92e48951ab7c,169,28.14043419201422,99.7439068223612
a850866c-1460-48c7-89a9-ebe6844a9450,875,61.205524168800174,7.235008092157358
932c06bf-e326-40b8-b9c7-0af44764284c,805,85.86041302393805,22.25255159711333
7828c11b-89cc-40fd-89fe-0f2718e16201,682,58.332137213765954,32.57353181797807
89504eb4-5917-465a-bec6-389d97c7b880,624,87.73953432706864,14.9148199612134
6c1ea8da-f617-47ec-a7c7-42f3c5cbbbc8,695,87.40062532512299,76.47875532748938
b130c3f9-5f67-479a-933d-5315589d42a3,708,90.18438328308488,43.15778014083502
02a2ab50-e5e7-4ff6-97b2-1206e708bb40,ykAh,52.7103277330832,74.91981419019254
f96dd77c-1f5d-448e-829f-0ec427147a2c,hffl,92.82859764412883,10.848361287306464
44dc4b36-d767-4751-a5f0-7c03aff7e5f0,142,34.143628895585245,86.69365721729466
8eae4f04-747a-40e4-855c-abfc4ca0e36e,148,44.030332051920816,32.31065826170596
a6a5c176-9fde-403c-a1cc-5c605d698c1d,513,42.42624001327072,47.46551410686492
95605e4f-6198-47ba-915d-96c10b31aa01,763,23.97256265857325,92.92232028462402
be8d391b-2085-43e7-acd4-01b0f3e4d236,ztsh,93.90600030535344,25.13692096060169
fc09af9c-857e-4f4e-b48b-4a869639a715,958,7.294695227791847,71.93859228852875
346361f8-1fda-4c00-9bac-347ba38fe3bf,506,1.6241672979189548,96.64727513057407
200b7688-12b5-4f6d-8896-e426d4fd04fa,78,57.35861723910375,38.87252461112094
62173551-542e-4b85-8cd7-51bd04899448,168,63.9763261107995,25.76435750174556
595f2b01-40a4-471c-9aac-117081cca954,pWgw,42.92698229306124,16.54376894611196
161c65f7-cbd0-4f76-8bd8-fc2a0bf6678f,936,68.87968347188877,53.33177181587303
ca4db6b6-ac0c-40ee-b61e-ed18745795dc,988,8.004030558101515,4.699728199258124
988c1174-32d9-4d98-aa25-c42342243fbd,363,1.7485204108698915,82.09957550464411
b86864cf-f0d4-48be-b231-4ff03fa3870c,878,81.08907890784907,40.89355061377592
327ada5c-e4ab-472a-8903-4e4ac2f01918,383,81.05121250252868,57.83954841198696
f737ec5e-109e-4ed4-9bc8-92f8d600cef8,620,65.27799571729639,2.953002713263986
620400c8-abdb-4ee8-bc30-5fc6aacbb76a,293,0.0471479261691776,10.331530721373383
e915f1f3-39bf-4ee2-95c5-229fa4a66bdb,335,54.58280556466107,1.0510629849345587
ac4d7903-78e3-4152-ba10-180498bc38cc,107,49.50403524862105,22.293402978083066
d105fe5e-0f9f-4974-939f-fc4279b5d074,617,87.80407852607505,21.09630871802653
37d0813e-df67-4946-83e0-81a4494c637f,905,52.75951603963456,48.52649703504073
5fbb61ee-9fc0-48cb-9333-08b738f2c9ee,biqx,26.41965568755217,25.728472561487703
cfe3c5b1-6bde-45ea-9089-6c842bd08d6d,387,50.489141190701744,93.74602289261055
ded37769-7d83-424f-9fb9-91e283b1139e,634,37.49468732984449,48.65529244544401
271420ff-476f-4add-943e-35188fd257e1,153,57.4312711494718,71.99288837084026
1afc4f21-f287-430e-adf0-bb1f3037fab8,112,21.575870508020856,40.72345975828863
8dd87c27-04e7-491f-8ad5-6aee93f69989,930,93.7538943678788,23.99115338518517
6a6aa6ab-6d26-4b9b-aa19-2ec43ca89108,820,67.64823696420005,4.039217425371245
441bba54-ea3e-4d91-9d4e-d82cdae6553d,376,0.5897259667694832,71.97447067909117
f0e75f8a-1c86-49f1-bfa8-8eb1fff113e3,351,28.90832536019616,98.58664808957056
450e74f4-5373-4525-a767-cf6e398a3c8a,270,28.599958933547263,26.01409845711534
a8b6db1b-4ba5-4c78-be89-e1f45c79aaf4,420,77.527035183863,42.3895805728677
18b66e1a-cc56-41da-b892-7af28c4d0ccc,62,4.129347125294968,70.25341256152724
9b43cd66-44cc-48f2-9751-e854ed906c9e,189,18.809932957650965,78.93513183534606
9e248873-bb3d-4a4f-a8ab-73e8a812211d,971,42.102824404876685,22.84222004482988
ebf37990-8e3d-44cd-996b-c427e4d9e134,592,85.0986003291429,87.30860427026526
a0476cab-e41b-4a09-beb8-489d1825560a,523,31.81950960840042,9.595980622284406
ef7a86c1-5d08-4a94-847a-78bb7e007ffc,256,62.12949917480084,96.90755634690044
120ebc29-3e39-4987-9dce-62b13e4db232,193,55.89122080832895,92.6766748644108
0184f663-a321-4b7c-a2d7-1d4f44b85331,721,73.19443513089155,95.4710182738102
abf3e8ce-440e-4eff-a480-8f42be94d58d,941,72.12196934383522,36.58910142752371
35996379-db0f-4375-9a4c-498203c16401,686,45.95703852798585,40.282906139609175
1a6c7e39-2b4c-4dad-917a-e2cc893799a9,6,92.36513980045608,75.86977882153654
fa24793e-d5e8-4c92-9ced-0da905706696,923,66.91176303475692,13.481316661173103
3c22424b-578d-4355-bcbf-05f1d6c004f6,13,60.68895724877661,62.27471029247127
b474f102-dfa9-41c8-a28e-bcdf752fa7c7,905,55.21262560590068,12.497726817662311
76e53ad2-c2b2-47f4-bffc-d9a80daf517d,439,48.66978592838189,82.985516983406
8329cd87-1287-4d89-85f1-9af26d922312,591,49.10090219945714,87.45861387071699
915e3560-fed6-444f-ae28-c961142c3f8c,895,35.220547862211085,68.7975824521459
e67d5a41-5250-4fc0-92e5-02d3b70acfb5,450,88.71520854401889,72.70173897291858
273df8c8-90fa-4ff6-adb4-e018fbf9ea52,52,69.10640781731873,44.1469332362755
29151532-827c-4a96-9a12-f03721904039,587,13.422232343123408,93.83919094518411
8643b305-700a-49c8-bfe3-123b28343854,159,74.90595492427006,40.48268354913137
afc79489-ad38-4488-842d-b36f1ec53034,462,76.56562393838446,4.337779280236109
d7839437-5a23-4207-9478-44de10e17941,208,81.48194632746821,57.22428767344273
e609bc4d-315f-4f01-bc2c-bfe31bf707cb,331,94.93658418366516,23.078186246809807
c7c55e6e-db40-4946-adfe-accb4257fd3a,165,83.53311824014781,56.14891114891959
4fb23612-8c26-472a-87fe-699f9cda5461,389,20.539851030811302,54.29129714376375
96149ddc-8a44-402c-b675-e4e0c4dc2890,299,96.08270518174665,0.470986911099025
d963960c-8180-49dd-bd71-f3fe19692448,960,58.46692921380464,78.72660711560711
2e1eb44e-34d3-4613-90cc-0542aebf977f,482,21.334857546586928,45.0447202370271
07c40f70-855d-4ec7-9537-eca71fb345b0,640,1.218561173727606,33.63038367172477
f29e6967-191f-4d64-ab42-e0c1a7ddc305,945,56.11688212981161,70.69629082933523
c87ebac9-976f-4537-970c-a33c16fd74df,429,45.147114418217306,20.979070706901027
52687fb2-ebba-4263-b7b2-bd16d3a341c0,805,26.830469258200303,35.14974692968282
9b5678c9-67c3-4028-8400-7933d64027d2,shjv,1.477120852735414,12.776629714970255
44ddb2f4-c9bc-488a-96cf-344a060d81cc,eugo,82.99329856333806,6.1279385483615005
291d7a34-ccfd-4a47-b3ca-de7ebf0586d6,yaGx,92.00603728803246,54.20048641898273
88739734-b5ae-4b62-9c22-2c68fefd5a2a,999,56.88321410635066,37.38544443953277
12327399-4fe3-437f-bc03-2cb227fc6f1a,Lwvq,85.37422506287442,16.811412484702604
3587b29b-1baf-44d8-8bec-16369fcd4ff5,452,69.95233965931274,4.582611538048342
d458adbd-2239-4bff-aa41-a4e5fe7314c7,121,15.7722671087269,93.0069730617329
8fdb660a-8cac-4d87-8f75-295158a71fa0,852,11.34496903048754,33.40434564867542
9e878a9f-e97c-4df8-a890-80e80d5ec230,24,58.08448486091061,55.67229883370688
68237192-2219-41aa-9497-162c5e07d6cc,868,75.27476993925578,3.6973297290245455
eb7ac25f-e9e0-4fed-9004-04c880509cc6,130,28.43155907648115,36.857911089726805
e71dfada-b07c-4429-9418-c483a709cf77,71,78.54063139167032,79.63865595957752
9c2c3987-9893-467f-b1fd-32d31518b51d,2,96.94373723129986,78.48078357175386
a6cbe124-916f-4d3c-9081-da57b4e21424,457,67.47376572909154,49.70155536749291
f460839e-e47a-427c-8c85-2a4e8c30cde1,uvio,47.27128584747039,53.858055154411474
323e4893-c9c7-4a60-874f-16ceb6886e39,ugjb,76.45306871265862,92.41982823544387
211574b6-1f00-4115-9310-3e564b6203d9,689,96.42839596988046,16.92680089118013
6622ed7d-fc55-47d5-8095-47d3b9299871,434,95.46981775446277,77.18939279872461
ff61588a-8276-4d01-ae5c-b95cf3c27ecd,244,21.48429045529268,95.61878346865038
92bfc992-2a4e-44b6-bf5a-8e11e9c60d95,328,39.96287212099445,73.75559173399496
925873f0-61a1-4271-a214-fa26d3f2d30c,ndwz,99.48253033189896,30.294250926450573
1c903658-34a4-4b7a-ac88-018762330545,916,58.482433426720206,29.11629992146748
e28b7a3a-2b90-404d-9bc5-7d9c022a9c40,91,97.99479040803136,62.48522657779622
529e893a-34d0-4904-9316-497164eae2e9,vhkh,9.758494186492328,64.90496246662646
aa4251a7-ce08-4755-b0cf-9b99b0b6e726,275,82.86585258417452,35.85908956756474
e846b519-29fb-4396-9799-19d14416f3ce,fcje,83.38833695273212,30.955048883726032
de883949-db44-4262-9404-1c4fb376e3a3,bozs,46.56949243935894,3.794815767848181
8dad1056-526c-4545-be62-82b7bc8aa7f2,Vgjp,68.58662436290115,5.046291000159076
253a0455-fede-407b-a863-805766d2f012,278,77.79862615019402,28.551890447943585
2efd6b72-1524-4635-839e-a1d4a3a45e15,635,28.60636078427098,16.171460019942696
46e8c191-3154-4a5f-ae1e-e82f82457754,sJkz,24.43059484905457,19.20895309298496
be64f6fa-000a-456b-bee6-44b62ca6d8f4,890,25.49314552036809,75.66645437874982
a26bcdce-0986-4a59-9155-655e17a175ef,397,1.9218396057923413,47.58409049093824
8822dab1-fd94-49b5-87ea-2b80e3a58345,vpuv,62.56732983604003,28.56957535660315
347f4290-cbbc-477d-b6ab-db6c29c20060,rcwv,24.714359149083577,4.816269295237497
ff62e87d-0eda-47c6-99ae-3a2666b91f11,759,68.931857113141,11.715680184100696
746b8798-ea30-4b3b-8cf2-c207577821bf,141,90.58463233909409,98.72391411428708
ec4cfe34-00ae-47ea-91a8-d1fdd4fc64ac,250,94.91180579719617,37.926863179641536
38f9e19f-ad51-443c-b8be-090290952e08,jzrx,36.70907187542837,97.35416960583343
bda3aa67-71ae-4baa-8645-9e3657efc6bb,275,70.02596076976431,46.496285577777066
ce63fa66-7817-4e5e-9ae6-bdd5d37719ed,278,7.193521436562111,67.87985189031221
b4300d48-3346-48f6-9c80-6ff159fdff3b,624,89.87081880179171,79.63437078372397
161baee1-6b63-4fa9-81e8-226bea0966c7,yige,49.31795377517757,44.90455817090695
07856ffb-e20d-4092-b18d-8c90871d3e5c,facl,62.70100569848357,11.86767379629682
571bf619-6546-4801-a877-c57e600f2615,318,9.013687681384198,83.7947347639879
9b9cd63c-0676-4338-ba22-48b414f584fa,710,86.55876759075089,63.59112889192624
2e2a2c01-bc7b-4a6e-b519-3d4a438af058,599,44.27201578986399,97.63553595496988
6b14d8b2-06ce-4930-b22b-bc760b0a66fc,388,49.953907559125774,63.65191750905888
1a1536a0-7b8c-42e5-b918-e7460884cb11,pzsz,10.501465941091514,29.46136710032168
b4b2cbaa-52e3-40f9-a245-96dad5b817fa,834,43.69086039615445,92.74822833116195
0e71ebfe-c629-4dab-9366-5c2aa7f05530,311,2.650857351306524,51.6442396876991
f4683b42-520c-45d6-aba5-228ada0eaff2,hmrt,75.93801011689906,64.99826421076284
f22b9fd3-6024-41c3-a09d-3fb0e6100a8d,643,7.933024389433141,45.7010224413006
3917d987-fe89-41f9-91a6-6bb3109b5d76,980,20.02900198811945,85.75332378434011
ed6e986c-c901-4392-8693-bd3a3a3aae8e,737,86.67223899767369,24.06238539776484
3dea6014-7fff-4f62-83ea-4a837fa629a0,65,68.95488027593221,39.25871013663442
afa7b6fd-24cf-4e9b-bff5-86cda46fb5cd,864,61.74579516922027,16.39325580583334
466b2f05-61cf-4dc2-9cfe-800be9a93769,blis,55.83705023999799,75.71595859593307
1b36a4a7-5446-4163-9624-c5ef0c6c7910,xhfs,85.94171499178597,19.14467114221577
41a4579d-20a6-4376-861a-d0d0994828d2,576,28.712358263026072,27.667043392567003
bcfad2e5-f7b3-4bd4-9528-0374ad2cac03,112,10.585641305552064,30.280276341230948
fd344d9a-8d48-4c9e-a879-ed32c424faf8,706,48.670114719833805,89.71818712598142
e6d703fa-53d4-4d78-bde7-592ba7e068f1,519,14.981169236518122,97.47171682725998
446e449a-5fac-496a-b35f-1d58c7f9f56a,149,79.02748559047701,9.04177389756614
b3ebc3a4-c583-41dd-a13c-a736b0dee02f,579,22.82746628359846,13.15719451865376
c0148cd2-639e-4b83-82c2-4a9fb719cb6e,423,45.72792369650119,94.61456994762356
be85f2ea-fe00-491c-a706-e0053b5d11e7,184,80.85130797786225,27.093950992726377
724b2086-6f12-4ca1-aff0-e6619d057437,438,39.75317072575961,27.61748072493334
f00c56f5-7854-4d5b-84f8-649cdeba96fb,qtqk,35.91698543783942,98.7908989896476
cb53d59a-f769-4176-be29-302ed0990164,265,44.48749153225786,13.077486537538496
e2ab7323-d813-489f-9d71-1407dc79407b,425,25.735724987037266,15.22594989581265
c9f3a023-ca3b-4dfd-8ade-38073cab8fde,695,65.52632589759759,42.72394675196685
1e9d24de-dd16-495d-af0d-d5959e11f2cd,79,56.76985852428829,71.49593593284142
cb9b21d8-21d5-4669-988c-505453aa1fc3,89,1.3438899893828182,15.055076962846158
d689a411-06a2-4044-831d-cacfe9db0986,jvsu,81.5633026271674,52.932211729117626
e725f468-8648-4803-902c-930faba82cec,654,24.07354376200341,41.8437948325306
57c2834f-53b2-4b20-9481-72ced3515e57,63,17.72608311562891,44.5515091781119
3543770c-3a41-4a79-ad56-cdb6264bbb8e,999,40.25708192388709,79.46698915332962
560e6c10-f303-497d-8650-eca0e34dca03,169,22.128916122963396,84.34774078026828
cf075fb5-9d99-43b7-93b0-0cc19e681b60,jjrr,53.41318580491219,48.94072193520999
621737a6-4917-4d54-ac91-27cda338e2e6,168,95.0403173528736,34.36466156228127
4c8d0b8b-6eca-4ceb-b6fd-c63ad0abf7fd,128,27.209116344397355,56.72802078387706
1c9fcabb-82a9-4002-9a6e-cb195be342cf,558,96.7267239557311,88.8562961493867
7ac1de1c-0e0f-4411-afe1-3e2a49a65cb1,47,68.43580971269867,1.339340192424909
aa95392e-6187-4dd4-acce-634b91fe0836,361,68.86676138510785,41.758523084558206
00afb27a-8754-4c9d-8836-2d5641cc83ce,12,67.17860941123568,76.58610154129019
de6a516b-af2a-4c50-a085-40c7deec52f2,274,22.274559678851947,78.95664837217988
600052a9-9f61-40aa-bdfd-45b1db3b0198,537,49.470852749814654,58.07559537234857
af4cbd67-3147-4922-9ea8-29537286a7de,95,28.22064736505029,75.65023109083826
3d2ace3b-a531-4a8c-b837-343291a17bcf,44,64.99211651141127,3.695658374425204
26ce457e-f567-41eb-a9b8-c8812a820726,7,58.420210217758296,25.94936128476508
60664279-6dde-4e72-98eb-a3e274da5a0d,991,60.85442174786646,4.165279176815262
c44620b6-48d1-4388-9f5d-b695f1321d9f,vyOi,45.50397989221984,33.99203012135016
9aa09f18-61ed-4844-936b-d4c37a273c8f,298,94.69919563273898,44.96848478741666
f3c63fda-00eb-4bb4-b17d-55075cd43f43,315,67.4782776900724,99.23705003795712
6b3e0cf6-bd04-4083-b9ee-65cefd89dc90,359,25.195558104289816,77.44160030341867
a8be482c-9db5-458b-b2a8-6fd8e8564879,682,88.52123640588603,9.781281781441397
24c6f6f6-3cd0-42f7-9637-fe7e5d8f9738,xkcs,79.39775376818655,4.691702765256734
73eea9d1-7a64-4fb4-acec-ab447c1b6165,53,58.31088241311426,12.386288123975508
9a2eec69-452e-41ab-837c-daf89e937add,907,63.0955261860058,67.64188196961058
6dbabfa3-c49f-4f83-89c2-ef012307c1e2,656,33.57806560003878,14.29280515082928
8cd790f9-64e9-415f-b34f-024a34e99c9c,11,29.20426079658518,23.63290310653432
4a06ebb3-420c-4aa8-8605-6c063d10feea,720,55.6830788798753,80.77061650018715
025ca03c-49ba-4d3b-9b78-8d7c3bd97df4,244,22.187264553042983,85.5902582609657
9aacd1b1-4ca3-4f46-b18f-d2ac76cf7366,253,61.27761256273939,1.737768434288367
af4581ec-a5b1-44cd-8384-0eaf39bb043e,274,55.720251566236456,23.697896182021715
a7eba4d1-8c62-460f-aebf-dd2874625360,928,32.85504903960261,39.59552961587912
8c646f9d-3bde-4613-af8d-7a932ee76364,744,90.20717101056948,2.466383214678069
acb054c4-4802-4f8e-bd04-e1f8db9af6f1,849,65.16255038848165,24.796448758150845
7e49e390-06a6-4646-92a6-178e751e6ee5,717,88.01112421851927,4.308789445707307
342ad0a6-86e9-49e6-87fb-9f73e0706444,287,77.38862558928457,93.55942829829708
74ed55ff-bbcb-4603-999a-b6494cdb57fa,984,30.10790979178777,27.382860918052188
d7d6de0a-8c75-4ba7-bb2e-81b17b1140a3,430,98.39991705734792,16.40106001296996
79769d8d-cadf-4ff9-9a90-05d657d0fb22,454,48.54237986651684,21.64754411339045
447f4f9f-17c5-4416-a0e4-742bac385b80,lhwd,25.729272424473404,87.42033836303621
6e1d3278-9f56-4f45-99e5-71f60e58137b,337,12.394406320890583,37.2381467010736
2372d3f1-f942-44c2-8f47-f470865a6d28,324,49.85138066305292,11.065917111267463
b41dc055-c1c3-401c-b6e9-b6ea6204d2bf,366,21.272995205833745,91.6041555902351
b52eaa8d-e3df-43a3-b0cc-be23ff6dc9b0,48,21.25395074975682,51.51272285904237
87b86da4-31c1-4931-9b39-7987534ec004,700,57.20329738966049,42.78338075143153
4044d17c-80a8-4670-9653-34623ca7599d,usmq,59.014577423661386,21.612361613219257
59441d2f-b34c-41f7-ba96-54e3204316f4,76,85.96776803655399,36.08592783904256
1454634e-c433-4fcc-9370-e94f0dde9600,661,5.123433052270999,20.131161200351688
c5d0aab8-1800-481b-8941-df1df71fa06b,171,8.823017990044457,11.733261134982364
5edbb827-b887-456b-bded-8ee6645ec48b,ygvq,30.06991769600722,96.27533744650918
6af9fdc0-70e7-49dd-84d6-e05b57530bd6,xwkx,61.10725014385944,71.57770891078717
0c473431-fe7a-4d64-8160-853d53a34144,437,22.915513517768503,90.52862770600804
4b602ed7-1dc0-42c9-a1bb-4f6304885a29,606,0.655203500927648,96.46186715183548
d845b9ef-1c3c-4f3c-a078-00a39ab2b79c,840,16.717839999040297,5.90823069549935
bf26f062-d41b-436d-a712-1f6985206c17,108,15.466765681072769,21.408271833056386
bb7ccf11-fbcd-4ece-af87-9f55adb92781,387,49.79577579347947,31.04024470290605
c40f7803-5ab6-4fc5-b28a-483233ae5a3e,981,69.89478942169063,16.38306567419332
43cfe271-825f-4f11-9c2c-4b3ee35aa068,60,46.36069567465477,81.09031354519736
9ff3ee1d-d67f-435b-a16f-0de10d3bc04a,321,0.671574594266966,72.33447742621443
8a5bb0d3-3cd5-4c8f-bd19-9e437efabef0,841,52.034806018278125,88.2926298365882
147e5cc1-6453-4a80-b9d3-47d09eee8e0c,11,10.090742879993918,0.4754712828540341
f24ac474-eef3-40a4-b9ef-ea40de650a82,751,5.908322901388797,81.53709096688674
24e1e123-68d1-4034-b53d-28eaee99ada4,bvAn,32.60280516560506,8.302963836692733
c2705ac5-d032-4c32-8e51-94e282a34031,783,94.72119205616958,93.2026291332447
6a72b62d-8bcf-4545-9f64-5860a283d589,192,86.47906763238319,95.30640178027788
9daf1e16-ac0a-434d-8f33-ac86624682ef,rojv,58.137012731980974,94.4819273173105
f280b471-356d-44c1-8052-cc342a713f00,12,95.57555405350496,94.01298908499103
324c6215-88c2-4f7c-9804-c0068f155d4e,28,54.098946768542255,43.847887405621336
ea68a664-402d-48aa-9431-3ac1ba65ddab,375,47.009087611186914,1.6987341604216777
138301cc-289a-4141-85fd-41504ae9b4b9,110,99.04844531410444,43.34607397127635
85f9bcb3-4be7-42b6-8a58-ad82c03cd929,hwyx,45.92709168413367,21.602037706205792
58e86d19-a023-4360-b986-a85e86db4290,skFa,37.30760786905402,70.50938084347091
eca6f959-978e-4d13-ac20-f8fe00a6b181,969,3.7200736287186897,0.6973609646584555
77623883-2716-487e-a526-e5bcca406a8f,tooS,10.680591087641634,15.767244378994985
f56d6c36-5e28-490d-be04-4f1a77a2c94e,890,64.28548557571655,75.28422316063944
b40bbeaa-c4ce-4229-b77e-27b78e7a3909,967,37.0671149387513,88.62968165403244
f89ea3fc-58f0-4e5c-9432-3e4a014baaf7,30,63.46728596012453,21.070294470139597
794575a9-3287-48d2-9b4a-16d607f66423,630,96.35212493507068,74.90944663475788
5b84296b-b872-4504-b4ab-3c4adc9c3e67,739,57.11367473752541,23.00528613409977
42dd4de3-f503-4770-9f1d-9b5a26604534,Fjax,89.70142699024699,40.05159711827992
8176d14f-251f-4cd3-ad2d-0378dc9605f5,202,19.3408377109897,26.64321744840036
1d719f51-ae3a-4499-916d-5c2538d4a237,196,44.6158761202382,97.75746664196846
54385f88-4e58-4217-8134-2150ae70f274,694,81.8103479107443,8.01307285327727
0259a4e6-7d00-46a7-8259-47bd13a4c954,670,66.63441927384706,48.9712036373254
c179d90a-209b-4f0d-a322-e6f018962932,UzPm,79.02252886702667,80.42491491592384
2848e192-82e6-4989-bf58-1bee00a7faf8,740,40.30993481563103,53.27340946022628
b26486a9-2ee4-49f1-8d8e-7dc9eef91a25,431,99.04879871525482,10.176926752532534
e28172fd-b697-4a13-9497-6cbdef9d0803,583,30.985790209386774,25.14804189303944
80392042-2887-4755-9112-b0a7d1327bb0,nlPz,38.143842746938525,8.18347438179149
2f9edc8c-136b-4146-90ae-e4bd83d981fd,VdxH,52.73675448810359,86.42243010014552
205cd8c3-510d-42fe-851e-a433e1c93b16,mpnd,75.1403673687354,87.99373385712677
9ad03049-56cc-4bd3-845d-27e193cf75ea,zplA,65.82931423168613,63.83533688803331
2682fd90-072b-497c-94b2-04bd4e9d6abc,xhOM,58.08052054617961,9.216801258127838
3c5ec026-5478-4cd3-9597-e7120c2b11d7,861,21.41594677336037,67.4938435986826
6956187b-487a-4685-8d96-e28b2c0d781e,43,71.94015759505952,66.60289825614318
b3963b5d-d3a5-49c2-b4b5-9c835a85fc1b,375,65.0997742065974,17.89202672915058
6b44735e-a998-4404-a2db-95b1215259a5,pfat,55.57485384724191,71.36289571943743
eba39132-c669-41e9-9d0c-c47eda6042c0,468,40.85989206892576,90.08129772005104
4378b8a0-90cb-418c-b6c1-9c0265c14498,432,11.20297444929741,51.78177379552057
3b17976a-8a8d-4510-ba38-a15abe1a6824,0,96.86676948831705,89.48412249515614
2600324b-06f5-4aea-a2f3-301e3e7853e1,495,18.02899993703696,35.422879846788504
24c2a7e6-6ba0-4a84-8c53-544391bb7400,49,66.8232720314362,24.714579856759457
37a4c591-96c2-49a1-92b7-6f7be7015a77,447,55.44515957310608,96.76069738997283
d3121ee6-8419-4331-af14-dd567c7f5930,158,15.42941363901854,57.490746366519815
77b2f8c6-606f-4190-b58b-364b5e162b46,791,38.8336008174328,96.63974094746636
f6a134ab-ffdf-47f0-94f3-2c17213dadc1,958,59.0776900168348,41.33191572407211
11ca8885-88d8-43a4-b583-7fe7d14dbc96,wxye,1.067783950180523,72.45137339430237
26eea4cb-880d-4686-acc2-2eaa67d91b17,748,39.73149938929736,24.125391936202178
ee296d76-cb76-49be-9c5d-4bcf67bb76b9,630,38.50857038443949,31.94262092844604
1feedf62-1e7c-46fd-8ca8-acf6e0240747,998,50.39368669223311,49.68612041636813
b24fffa0-b542-489d-92cf-20ca42b2b36a,xpps,77.91336386329833,8.34514562172738
73b3bd1e-3559-41b6-b3ee-f4ae8fe149ae,wqtu,35.5674924890788,45.70438856799568
fb119e05-ba3d-480f-af72-53218fa8f9e5,460,10.544575960895408,26.480719416538413
fb139c7e-cc91-422c-be87-85592b17c4bd,181,94.45654713101732,11.257359022202063
b3a28ad3-ec20-45a5-9380-2d20a04b0323,913,41.38704974409104,9.647662517742084
d5925f93-b87e-46a2-851e-e209f04f16ea,ibvw,78.26787867308036,16.08112305087538
7faeabc5-0eb4-4922-90c7-854396263b6d,370,16.684477854801294,88.50391766902317
698330d4-30d0-45ad-bdd4-5f7407c03675,562,72.79079121032788,8.9636294335813
4fc543e2-204d-4e2d-8885-3b3840298fdf,ttce,72.09100623532105,58.54767860734734
be13ce7d-c686-4d3b-8e0a-482b78e21b51,944,26.03440718882276,59.48960158380314
bd58392a-47c5-44bf-8fb9-7ad4e0320ab2,50,94.14920645251831,82.25181464513598
e0991171-618e-438d-a7a4-37e6c16f1ed8,546,15.719174523822456,79.06327644242657
dbca0021-e2e2-4244-bf35-55a62a3bb2dc,fmUu,16.526116193008512,14.066856545505846
a6ecbd25-8401-42d4-96ab-6926f0373af4,643,9.960170457945306,97.12902701864604
e0f6bdcf-ea9e-4881-87c4-700f63b9da8a,ihha,7.432012354073558,34.80204310282866
01cb2026-bea4-4623-8d0c-e952d787c261,65,28.32198491248229,68.8632104385742
0f6608e4-5e9a-4d8a-b7be-321114a27395,348,20.10377964793833,43.43862729140262
e1f5dcb3-0fd4-4952-aed8-477b8ac46389,405,52.758192506061086,65.04769835262438
0f6099b2-ac41-4d32-aa06-96a32417d0ed,565,77.20042868155204,90.66023080667084
4ef45b8a-d897-41df-985e-e2a66ab06521,31,77.35161274714389,71.54941329004069
9545a490-2ee5-44a5-9c26-4ac5cde4ea1a,80,28.63966982271769,69.99665327893473
f6317204-7d11-4505-b1e7-4e27a58c4c52,239,82.0611684790997,15.470348147065929
38de541b-cd50-4c9e-8257-02154854bbb9,24,49.96516103386119,34.87701167103038
3482b5b7-3e33-44ff-9d4a-c2f058974bd8,,55.90922814563744,10.152892111143908
7498e5b4-5774-44ce-babd-86609466a422,40,98.40843374468898,93.17526371856226
1b991935-5303-467a-b78b-56b1fb0de51d,641,37.67427689953469,99.28898977137447
eb9a8c4b-67d5-4306-a6d9-9c9987dbfec1,woFc,61.253834288336726,8.763328481761679
b5afcfb0-382e-4daa-ab84-3b3f0eb28e30,744,21.781757300783987,36.4391442326304
417b50b7-8df8-4591-aa48-dfa405837727,930,16.205409861725606,89.8966398873839
60812881-87f3-482c-8b9a-474f211c6ea9,640,10.32798572671948,41.481151156452775
0648776a-4493-4ea3-81cd-f3cf89f6d321,999,50.74461133671729,76.08232593642346
ff9b5662-7f41-45d9-918f-d623a93b6839,433,98.61279680629828,48.76993132493245
c6f3461a-d300-4728-8a95-02ea2155492b,yeox,71.62587843999644,3.260034309139348
7f142601-e3c5-46ca-aa52-8f12d0be609b,409,49.70492521421901,19.5277096831008
633a4361-c3f0-4b52-9025-6f43c583b778,479,51.21630387652117,50.32389803404976
e8530702-5dcb-4369-a9df-c31054289341,nqxn,47.12389570152602,54.75450502091677
3462b223-0a75-45cf-9507-8432d6cd6249,187,69.6612480744253,77.32158663413402
9b0b32be-aadf-4354-ba17-5dcd7a9cb8a2,170,34.4590160373926,0.0769666818197678
2dbb710a-c646-4428-9150-89701e08eaa1,464,45.026875777776,21.826121189129854
6e4c4032-4dab-4880-9ee1-0a135f117a06,761,11.98280634337089,74.78800855457018
8e609176-3cea-43ed-bad1-65b030df38d5,634,31.54198244913442,49.73700204680398
02dc1c50-1134-4de6-bdb1-dd91aab28f80,740,46.81855896292328,7.1448368727377805
371679ec-486a-42a2-ac3b-5235e03f9c0f,lPqa,85.6733160758205,61.418982158967935
a88f50d4-fcf6-4345-ae04-f138f2360628,393,75.01518843494257,64.52452002957355
ca069edb-0f99-4b1b-b365-0e01eac87d1a,171,71.55163161091109,6.718681777362434
b30458f4-8767-4df7-8e3e-1b8f3cedd9bb,23,70.58553190046189,62.762266145508505
d562aac0-f376-4d8d-b7b3-2ddc265bf7e3,yqPv,75.61266138833862,24.251372833685792
cbfd9214-d23b-4fb8-8f58-c39869e7ea7f,476,64.96839500147597,19.02962321945496
8f5665c0-0130-4485-8f80-f8d3ff138881,381,33.98458093859675,57.62742787150928
a4018c58-47ba-408f-9fe9-31818c53cdb9,kxtz,37.82943221474924,57.629883901329336
87adc86a-09bb-4af0-b373-4b9a1b09ed7a,383,29.42056371754298,97.5877536612543
3f78c62f-19ee-4ae7-aac3-afe76d6305a3,486,22.54328048390075,63.024984398746994
d6ae7be1-6ec6-43f3-b036-3af8dba50dd9,599,3.833147630054445,55.45038439070243
beac8b23-09e7-4972-a37a-f10c97bff704,btue,37.76261178593641,92.540787302239
3a52316f-7f3b-4ff7-9ebc-73cdc3277d2e,mkeg,36.395897909971545,11.060679799984552
943332f9-9597-46c0-bec6-7fe12776768d,gjrs,71.16931442356665,94.51451532888244
b3c9bc36-2093-45b8-850a-f8801fd3b31f,286,30.483232082900592,5.756678229177325
f4c9d39e-edfb-4403-aa1d-1ff7817c2e40,945,40.99591456489764,55.57403734213448
2bcb4f4f-7d52-41c0-b128-59db7aafccdb,599,35.182786915571754,1.136013056300056
c131bf31-cdce-475f-85f2-4ceffa0f3dd8,155,80.41142299740395,19.7894998782474
5d45a955-fad7-4a4a-b14b-7ab969cf60c7,xztw,65.39189080268518,76.65580379478274
919a354d-4a2a-4146-85e0-04cb99a6875f,198,48.91615311963828,3.048848067789633
90397d6b-d202-400b-b434-439ae16aa737,uhrk,50.40990746033296,29.629262454811787
02573e92-d0e6-4dfb-83c8-a887dd06ea00,179,91.91834934400688,78.87210456737105
a9be2380-a3fc-40b5-9b45-09d32d6a963f,112,37.835866123955306,50.217792252548165
9eb08025-57e9-464a-b9f2-d8e668234c07,932,4.841629620243859,66.43978517959287
972a6946-7675-4513-ba78-d9231c0ae472,Epev,93.68965095997778,16.435292992477933
90ed6787-565c-40ae-b664-f46d87173908,435,97.29663337862787,46.995383000706425
cafb6a3a-af64-4d3c-b2c1-03b51d7c2ce1,179,55.548190900541485,98.76872796148167
5ca4ae81-d7d6-4af6-a68f-00e7cf4b9630,683,68.76444675370298,50.25539321561708
ae7d3343-4dfa-4df0-aed3-ce08bfbacb15,xvhr,53.87578744648307,28.08946233293722
d012e878-412f-44ec-a353-01d1d70cbe9d,wdhj,91.11806279506092,86.10296300597071
36ad790a-3771-4aa5-a812-71913f6559b8,238,87.13016125414448,22.597388400092587
2cead6de-c36b-421c-a871-002c708a93c8,24,11.8160718866534,47.13519501393093
410201d4-0b1b-438c-9437-d6074875bd9e,123,81.01611356857558,85.31436442967838
9d86df1f-c227-468a-bea2-85829f221324,zjWs,96.25653852641268,74.44099041905775
174429e4-d201-4a92-94ce-a0d99bb31fb6,636,6.601154935054621,51.80140681062503
1cc9a5f5-015d-45af-883a-1863af8ef192,570,85.22985828427359,4.421197465769577
3523d4c9-f043-4dba-bf37-7ad7c0a119ee,753,23.06794763849842,19.40422834398707
18f6a745-43ec-452c-a1e6-6df3c60bcba3,586,35.26844143868729,71.46703870703092
4ecdefbc-0945-4808-9c76-2666efe930fe,614,53.74407899017444,84.75312948524298
a603b016-d4e3-46b6-806c-264f98b1a764,368,88.86248002989055,57.62543180945203
d270aa61-2727-41ea-b0fc-8bc0822d2410,vfJv,5.914991722145812,98.01978611657816
6b9cf789-13e0-462d-9ea6-02be33faa973,605,37.44132496091738,19.180903014549237
2f1695fa-3ee8-4986-a488-ef4728be690c,968,46.68476977721458,89.24617963267197
035073bb-216e-4cb9-8a08-efe39f3ef556,jjvr,23.35537917763798,69.51507119511417
0234a962-9f2a-465f-8964-b8b9e3a93e6d,594,88.54857052472815,21.888163397941756
a57d856b-f259-4ade-bdcf-b58a4a3d379e,645,85.0034243436497,14.735928967540556
943d7c8d-d4ea-423e-b7ce-deebec4136d8,0,21.654460235842983,55.69951391519474
bdcb8d27-dc9a-4c35-bce8-abe62ad8d127,773,30.61375051427064,64.12775182104482
c8d003cb-5238-4ae9-9b0d-c73c0b78fd1c,138,76.78003640350546,88.43247225473337
d25ec29b-b655-41f8-aeb7-f423efa9b346,808,56.16005744518672,8.389779209556291
5bd4c36d-e953-4141-825b-297e5fc088c2,574,85.24001828534035,58.931963427534406
98d3a081-db11-4d56-af83-18c24d8bd93b,86,26.172961029631185,39.53278257336248
62dcb4a2-3585-4dc9-bd30-cc9ad2a6d8c5,915,10.846129528427053,53.01926313256168
7c6d5742-cf23-4f3a-a854-b7979be837bb,yrnj,98.6718245653901,70.99542367548563
30f0c7d3-45da-433b-9bf6-aabe50f222f7,867,77.23082459101258,36.71926807514525
ab583559-f041-4c98-9504-4da213950ef0,686,53.2884789043643,22.448998642253493
371f080a-96f1-44c1-a23b-29c80a9d05a5,708,81.70395126421309,40.50785357129455
43401794-e6f4-4243-a778-af841dc40e8d,qzvr,33.30738893810141,41.89259215239317
e8139104-e32f-4510-9cbe-14e0b5a6fe32,661,88.69802941416887,53.46148950419307
dc3d2de4-18aa-44be-9dd9-8e8926c88c78,jcnL,12.252073610880789,99.72440765003124
5b9fe053-9fed-4e99-9a03-10f2b79d001f,247,72.17105580349867,60.52422964085645
5f6ad5df-c3f4-4799-ab04-ff15c021bd58,394,19.252331693005758,4.0913586610306645
8d5e20e2-528b-4a09-93b9-23272463a9fa,198,25.991088063586695,14.865914477213416
0f566da0-1520-4c55-aeff-f45b3a413672,770,58.79343691779732,25.44127040959139
a254f661-b388-4670-ba7b-239ad0f1acb7,754,34.428063545530975,1.1306095373011749
3bee7f54-e1c5-40c8-ba9f-778658176c1b,357,33.707629784603135,38.24796882810132
9382c7b7-4d59-4ff5-bf71-b19b41eb448e,972,22.49969210750437,15.211510461315523
91a4ca5a-2513-4f9e-b7b8-2c62d07585ee,981,91.9939935181391,10.567746192475136
6b42243a-53c5-4a46-b860-541a9c7e5489,dtiS,84.1439031974747,56.57790364719693
14103956-1476-41a9-a07c-c6e5b1cecc0d,ztdn,44.98297292143085,98.49112377656913
5a5c4ed4-9ccd-4790-ab4c-cf07b8799b77,cTeR,72.84816511446647,42.85541506926065
521b7f82-83a7-4ad9-85ea-2016ead4f868,801,51.266644956708205,74.73352981862611
1e6916c9-5ac2-458b-abf8-a3a31bfbe668,440,49.549580634985055,61.47465083947949
9813bfb9-0cb2-4d92-855d-219914cbe77b,dayy,42.33132487497853,13.367708037728775
98919a59-07c9-4480-b0d1-c33e73de4765,233,79.83314370375868,14.601784302515464
0e9ce15e-ac9d-4917-8f8b-848310576a32,518,78.34745416589226,21.329736516522868
6292c76e-35de-4d4a-9515-b06429de1da5,259,56.18747026064056,30.744766376860557
1f8d8de7-2283-4a22-b43e-c2dbd47d0527,254,80.13749629677521,49.866380830918246
937207f0-9b04-4aaf-bb49-51f57708d55f,197,10.328980351764327,38.95340255994702
c6ea7c3a-d8e2-4ef9-a1a3-135cb6047745,sgWM,14.130964403158874,51.81620109760938
a12c0c94-20c2-45d4-a2bd-2e446f3e4188,986,63.45745832581985,89.80741083839285
aa2bc8e2-aa33-4070-9ec7-d6efeb10742a,286,65.76648157243838,96.26289934717992
cbea6ef1-d79f-4282-b2c9-e530c8e29e90,233,28.78450864505088,31.89022081986943
c4a777a4-7c93-47b1-a650-c1030df28f04,tCZZ,86.66725519623667,48.03137526332931
ad4f021f-c855-4cc2-92a2-f86b8b2c877e,30,72.65727611406311,9.007609140297436
2bbf06fe-ee42-43d9-b8d0-c46657baaeb6,133,20.094344582291235,8.303800941724893
26f6c0c6-e50b-461a-81f4-ee2a46065daf,51,29.34255085142564,30.226283722421176
3eb05db6-0975-404e-b89a-12f299cd69c0,797,77.18648584705949,31.218173283764404
617a6566-3ecd-4c2e-af88-83dde50812f8,467,98.30254103279044,29.46144682828028
1c9ef1e3-ab43-4cb0-93c5-979120916efa,571,30.151779892308305,42.5588587572155
dd4f3585-c56b-49a4-8084-6f3162a8b74b,445,74.29598094663967,96.88051528205868
91b0f8e8-edf9-43dc-9f84-47d5aacb0830,409,53.585104192756994,11.084469718062262
0e48c152-eff8-49e7-9d1c-38982d154838,87,78.45731054452234,7.012728256522893
26cb51dd-92f2-4d1e-bf7d-b2b3f8e1dbae,372,27.29509528410557,39.97767524809891
5598fabb-de98-474f-94a1-1dccc70c19a7,763,7.299467381711821,80.32629215011042
e8424c6c-a8cd-40a1-9347-f57e97e489b0,828,84.7157309226268,64.08188700256515
1d98b13b-4aa6-45db-9d52-40ddd18808a7,679,19.223947489489905,70.25975274260733
00078fc5-e9e8-4ce0-b8ef-3dee278a6c68,879,97.71688280887942,75.0333759988003
0527d2e6-c1ae-4b96-9354-00647860605e,250,90.9510683688865,93.82598430817303
01f7b839-ef7b-4629-9492-bb4089056944,16,2.9223451583060838,0.5932401147214494
ebea02c7-beba-4235-aeae-d6702f899e09,873,61.22890814860307,85.64315007553022
1ea0248d-02f3-4bd3-b4ca-ae5b5f4d080d,12,9.221663386556845,17.957422929635335
decd59b1-d58d-4094-92b6-6dff590065b8,crxo,94.44577872812602,65.69990311175115
5a45b0f7-2524-403d-ab07-7a89bc57393e,mBEW,95.46818380174555,66.92693108564036
c00a0f95-8290-439a-a572-0535833b28b5,86,73.85432120294972,98.2320179060812
7b033df6-355f-418e-b17a-aa55e47ee4b9,917,58.04146803034808,70.73876073810432
69bcd803-c4c2-4720-9ea9-599446aec5d9,956,91.12782966683318,42.35280747311724
d071d158-8a12-4c03-a0b7-9dd855d470ca,865,84.5606837200775,21.50489546831249
f529d1e9-d0a7-46d7-805d-a86bbedadd8a,349,34.44783913149987,95.0797951402615
e5c64f9b-3a9c-4424-aa68-11cd99ae3e89,auxj,32.45564830878338,20.16721795871256
76d1f621-33e1-4a4e-87c9-08e894176f85,404,44.01220167599978,79.6228227868703
5df19404-dd83-4084-b3a9-1970b7618c10,611,96.95269363268385,31.070256670445005
156164a0-d3a9-439d-a559-8aa735c5e337,338,49.70865324121097,52.65025158325612
21e99eb3-9074-40a9-bba5-d3410a1d9ab0,891,8.57946640843198,14.648689678963011
22e02469-a927-421c-808a-05e804ffec25,712,28.826558671761426,93.91837921490225
ab3af97e-94ee-4503-bef1-e896609a427d,406,71.05070242407058,56.28989532124328
ffef9f7d-85b6-4697-9fb3-59735ae2f17e,265,51.98137960820584,35.684459193615126
86d9849f-babd-4b48-82dc-534e32cf99c8,374,98.26424647417872,49.18706072570349
5858dc11-6773-448d-a094-e72bafb2af11,908,77.57043896397923,1.7256040507915626
6ea0aebd-4c42-4949-b097-abbf8b58864a,996,34.21163164770293,67.84033022438217
b08cf436-18d8-4cab-b340-e796b709bf97,682,37.31471686812375,60.511914614385
25c6b510-60fb-4dcf-b988-3b8087b73c57,98,79.52089795145741,60.38360290934121
9db56957-733c-4426-a28a-036806ab162b,401,23.354097826450094,91.89661715311628
83837641-ef9b-4974-a8c9-923402f72489,fxua,53.24022440533515,93.71419501591272
ca084cf6-8720-417c-9178-ce2b481429ef,911,42.5124060912906,57.0398919390386
3116a7b0-27c1-4ce7-aa25-5d60d9053a92,617,30.297278146554763,13.491964972818304
06d5b6ac-5783-4309-a120-da315c54b0fb,qtag,63.09627808590196,59.033285522910674
f811877a-d395-4e1f-8f31-6b27370849a6,83,56.83443364901439,57.86269871507373
50b9c874-e8ad-4270-90b5-3e82a195ded9,206,45.06653578028922,22.300463222333068
acc6330d-0895-4eb6-a5d9-4bf876a92224,902,29.21662637712049,79.26401236979113
4b4b45c7-11f7-4c40-960e-aa87b406a117,826,33.77100317733414,75.45800018597333
890dc77f-88ab-42c0-999c-ce2ac91c960c,319,24.892269192136983,76.94411500076541
bb3626d4-ee7b-4b7e-b74b-5c493a6592e2,762,76.25873919411646,79.65294414286018
314eb22b-4eb4-46d0-bc5a-4c0cd7bd983f,865,13.3407183155959,51.77473454611442
5c431401-7543-4917-a1c7-67dda301e9cc,566,54.37791507773508,25.83167693862144
59536291-ff62-4de2-a583-dde012a9544a,107,79.15258503034363,18.22660569335296
4ad50ae9-790f-419c-acce-dc0122affcc7,kceL,10.57098406103294,99.11289879533336
33a88e75-9bde-4479-90b9-a6517f39e9a3,995,15.766800427940597,70.597177624773
e84a4f11-015c-4866-b159-f5fc07f329e6,239,91.69537881852855,22.57296893414517
e1ebddd7-06f8-48b0-bed9-bcc716297b98,723,29.378910302182906,70.30212555818733
251e16bd-7b53-4e27-859e-4fa3389418af,psfv,45.33845550891223,39.27538693867352
3efb154f-4737-4197-85f5-8a57dc3d06b2,863,83.01051817284008,52.61469900114374
47adc095-4957-4b79-9b5d-c2f620d26e38,587,18.17650142743862,74.41876057186776
bbfbf60e-dbde-451f-bd25-da375007587b,254,81.13015053611535,20.88759116292075
52dd6d6b-a55e-43b2-986c-6ab04ce55330,309,8.335136136099475,74.4446216363976
11a9bbc4-2119-4631-a440-bad97035dc4e,zzYy,6.991810174437263,62.41026563064342
492efb19-ab97-45b4-8255-f703585159d9,xywv,60.4565987268844,59.15442476616332
b96d4a9a-7c16-4b92-add8-f5f2d90b43a0,ywlq,38.63994809281526,94.85217123918775
34b4316e-1084-4b9a-bd35-cc7003e26056,pgas,34.521222531669146,91.90509479950586
a5e8bbca-3166-4a56-9b55-a689abdcb323,560,30.555227121181293,55.13099047852854
4aac6e6c-f7e1-432e-abd4-c5620c73129d,YcyN,94.12294027809736,90.71977597138503
c4231d8b-e683-4ad3-945d-7e35c4c9900b,141,35.97144298816309,32.940573562608414
56bcf6b4-0301-415d-87e1-bfb42f2de774,xStd,63.06025710630296,99.22725808102297
07a622ad-64a5-4f39-9feb-c977e9ba1873,983,70.15072764793649,44.005771389741824
75432957-4c6e-40b4-97b0-f5439acc0c89,900,95.3560643815175,51.96598800750343
08789e42-26a5-4256-a9fc-2f320ed1313a,690,92.78658906364764,20.282930517422127
e0329748-292f-4de6-8281-26214ecfcac4,252,70.70535149679029,0.3106048340348222
561951ce-e0c2-49d6-8e55-d96c0a568939,947,16.29314015198856,79.4858546778906
fa8dcfb9-8153-473f-900c-b83529b9c4e2,846,32.53751979503261,49.71217311627624
1d8abf79-ef45-4ff1-bc70-bdc6bae3d31b,468,32.29335057575901,9.188359722148531
3888f90d-1afa-4d3a-8102-eb07664f6e35,89,92.2501922473824,66.40573786868403
2264f2e7-cbae-472d-a72b-268f972564b0,115,56.18423928837096,87.71055050778467
c8d9b633-ccac-4283-ad67-710a3059eb0b,jvsb,11.505888906896878,56.0384642558238
1afcbdf5-9072-4d7d-bc94-23e7106515f9,vtBp,14.89738545193502,60.15658283209183
90379375-e462-4668-bd44-660b4262678a,521,59.00756613709858,9.231840331674224
03e2844b-d22b-420e-bb30-8eeade0a7392,uotR,68.3558828357728,67.37296318424016
21e16763-6889-417b-a8af-61545e005018,ajzn,18.852825956955837,77.92593319019599
bc6695a7-be46-4206-9afd-57ae311a5cd5,nlhj,45.05422070148247,96.4526258857302
9ba67525-6611-4b08-87df-1dde607a3f5f,647,74.32674334664979,33.08875118329839
aed4a6fe-f3b8-4209-a25c-3243ea2842f1,394,39.3707834581395,85.45300449204858
aec1e4d0-a95a-428b-808c-ebc1cbff5cc9,974,19.79718670845364,27.32512314285135
0e4fff63-079c-4450-935d-24acade99b7c,651,36.66255966994766,73.19988984236879
462be000-a88f-4606-94c7-2743f27cf0c1,981,16.196523034013467,58.00143795258709
f9402326-7d4b-4c0d-9a9e-cc716e788d95,975,83.55680552168931,92.026613462802
71b6003c-77da-4796-bcf5-6016829d979e,70,43.6732045851622,62.02209515465738
b8df81cd-016a-47b6-a4c6-307e85782d81,914,88.66274999197405,83.76229227709301
347164be-5410-4d83-b397-8e93ad22058a,946,34.67499369214671,42.99361184594497
253ef57c-1d89-43a7-87f0-602192192eb6,713,78.73744857887985,26.30299561670529
37c2b500-1163-4392-a349-a77db4be1fe9,780,47.05434392537633,62.8056242063065
ae42a4fa-3311-4c5c-9399-9ce3b7bec60f,507,5.389261127673651,8.003084774322788
fc2cbb31-0e04-4639-ace0-70e588d4852f,570,72.53893029527141,15.85107895470167
19a732c1-5986-4e5a-be7f-217b08aeb3c1,754,69.96966027429185,47.78759558975477
f3dacd62-b2d7-4518-9a47-db90fe5d89c8,Rjoj,65.72318007024536,50.49053401245949
7d2e1681-861b-4f6f-8ec9-8019e656dd3c,562,54.74206464939759,45.31494675702383
3306eb2f-ba33-4dc2-8fc9-cfb79a1da89d,dzea,89.3383411983386,70.23527103790023
acf1deff-0e91-4f6a-b759-4c287a603879,867,63.66850996714114,18.214851447838043
f1f8163e-839e-4c61-85af-cfcb4f6b22e6,586,87.72207902394233,49.41801205582985
db1e8f64-fd80-4115-9f32-2bf086c34439,483,20.90547758883724,2.120847455880981
b170023e-515d-4938-b013-c655e3cb6eee,974,81.45653145119721,61.88061677354029
aa7e67be-1665-4ff5-862f-e147e4278698,81,31.891158347475425,41.00539221433138
dfb4653f-03b1-431d-8862-a5c1f4662579,624,1.2246215777331315,2.3780733561541867
90ab1057-c3f7-4038-a19a-578560b8dd3b,810,36.14955708819853,24.93362038339456
e85d6f07-aa87-41e8-bc4c-59d71a86acda,enbm,31.60684734595332,17.178552954679382
818d1064-cc31-4c4a-8ecf-022c402aeda3,734,97.18167748032148,31.85099529880442
633c1934-e8ad-4a1c-b018-2b7cc706714c,51,11.301899973741502,81.2366052475895
27f719c3-3d1c-4b83-8ab5-245149578958,359,95.97512276167085,27.213935706121173
898a1373-27d0-4722-8541-8a64fb858bd4,466,34.47483068439521,32.32593808699613
6eaf188e-f32a-44c6-ad2f-3696a6582182,610,56.28448594199834,11.50809433869654
9e9fe898-eb5d-44af-b66f-3424e66c5171,111,90.19226569217288,92.78761549091791
f79b85f9-ff57-4887-a9c1-3443fe873849,707,55.37759086020788,58.35039782485574
2c85851c-b97e-4a23-84cd-7024c3e46975,piKp,94.0976768224172,54.62198087510559
8a1df2a4-379e-4057-b52e-77767b17a81a,417,64.56297487408146,41.56316774521432
cc9748fa-b84b-46ba-8665-d8c6adaf0aa1,926,24.067147928446207,82.41013567183802
2d308f9e-181e-4d36-a4e8-e38d31c4840f,818,75.2924252436237,28.091212469806404
8ae1930e-ef2c-4c3d-8408-777222687fed,397,1.5232406518529418,86.12038731136482
06ddea5a-5046-4ac8-ac42-84b30f38bcb1,574,91.3753524404015,28.836094187603244
71289ce9-ada1-434e-b6f3-a6cc9746237d,ybBx,78.27537800898016,67.85201837573176
b2f31831-ca28-4ac3-9528-34fd37284505,133,1.4561706466719615,68.30824720010808
53fa003e-e933-4eea-b4e6-3d719cb71301,132,79.97976113096425,42.83545233521623
4c8afd74-42c1-4de5-b43a-06213427b858,woky,43.33150738795331,63.434497110267394
76b3ed85-85b3-4437-8726-fbeed30aaa6c,762,71.54046327490089,19.445512561662383
c4b0f740-e30f-4495-b9c1-60571a9a7b77,738,54.56910670334126,86.78155479537617
a56c3232-1271-4d8b-ab75-583e02a59a1d,326,11.366702876484249,54.76016999850732
92581367-23e4-4d15-808a-026b425df7db,610,23.04158711095201,92.1484548315445
30f49ea5-8e9a-4984-9f29-261a64cee7c2,11,9.10937307766828,60.720220787760994
c9b34f02-568e-4339-b5c2-ea4b0687d9df,xfft,49.62606536233604,15.086600131189098
8b26a41d-a48f-4ce7-9c17-8d1d61181bfc,819,31.997860023109425,85.57992039208575
00e3f755-a585-47a6-b718-81d259969e07,534,16.380589738502838,9.393981889952483
74584c65-106e-471b-b39b-290029726a67,hzjl,36.044717852645405,81.14256567252363
5b8ccac1-763a-4f2a-bb38-708fcf2b3783,zMjq,97.55871507654486,78.23446421088465
ae80addc-595a-472b-8076-ab5407c57090,345,26.62262498615543,86.75541211088496
4ca34b44-28ef-4966-b7e4-5e3b0e02e2a1,790,21.54106264281513,82.27986655200374
5670a68b-3462-43f6-b7ab-6b01344446b8,232,97.35633472091178,45.89931737365082
7980c7ed-f481-4040-a4df-05d1480ae81c,177,80.18570494984687,35.05839224400707
e84a95e4-1b57-4705-9da4-1e37c63dc17e,36,41.78737638190556,93.35746551997656
1bd5f01c-91ad-4fc6-8c48-9752dcac3a94,408,91.25704183290664,76.64955813099922
dae3f42d-8c9f-4ff6-9990-caa6cec92214,907,54.29891696745589,20.746307724655388
2f22f2b9-d905-4984-b895-9c82cfa9ff46,bdzu,60.22740492530334,33.608319400281204
61522fc8-0def-4877-a654-540901f34fe1,301,96.75362191233006,45.67725077159921
83f26e26-7272-4c45-9dc3-76d511eb03bb,548,24.860186047043285,10.274891071404712
1518662b-4009-4061-91fc-c38fa3a45b4b,915,8.87975420464503,85.12149180958608
3bc73bd3-d17b-4f60-9b3b-1e33833a9ede,jtMl,20.43778594955906,5.997788307376684
6f0a0ded-760e-4dc5-a370-606202ffd8b8,212,60.98767260225966,51.99476167631663
df59161b-1556-4557-98a1-aef222df5788,250,99.9638061402288,97.19604828240834
1b165d05-8a74-4d7f-88d5-d76837039b2a,149,74.62658888674407,76.77013254823873
b53cab14-1b98-41fe-ac06-464bed89eaa9,qlsg,34.178515861396775,91.694656141298
dfe8d634-6d34-4694-823b-553bae46e8ef,623,64.80997108875275,65.71358321919125
bb02cdd8-7109-435c-b409-33ca4b30e044,572,52.19092819009451,50.08140045116828
595db529-ea9f-42b9-98e3-0d6538bcb521,wjis,71.8011165868626,2.589975395353661
76bf1b21-08a2-4ce6-a4c7-78be7d728ae3,476,89.26478631348397,50.247363099761934
59ebb900-a733-4fb2-8764-f102700e0ff3,771,75.69657852933965,63.62247219591516
009cbca8-098b-4ef3-8faa-fdc12e299f12,426,1.2447158721398566,95.91793033638228
a04eebb5-c649-4cf1-baec-83b7dd7f3583,888,6.609671155331687,4.934343590650336
57a1a79d-85f1-48c6-a164-4a56d38cee23,yiyp,85.53308789603238,34.27746589803178
327628b2-3eb4-4b19-80f0-8ffe98c17021,72,76.89326078048214,97.30834908026333
f4e7694d-c6d2-48ff-9f82-81664b876592,zqtl,31.620268651027693,55.735302262073816
ac269269-3e79-4506-b622-b289ecb92cc5,957,70.93570729457001,55.32366327967053
fe633b58-b460-4a80-bfdf-9963fa9e20c7,578,25.21180892459538,25.789018731464687
c3cf0da4-7004-4de2-aaf8-3c75fc3b665f,658,3.671696117735335,45.2992705371434
38492430-160a-45f2-8f2f-7ee979ddeeda,932,21.85771885864848,29.03164073569734
004c298b-2eea-4641-9a2a-bff298598553,747,77.75947408419408,0.5264848927307719
